eval,model,variant,round,rows,mean_target_input_tokens,mean_effective_target_input_est,mean_target_response_tokens
FIRST-EVAL,Llama-3.1-8B,BASE,0,150,125.48,125.48,384.35333333333335
FIRST-EVAL,Llama-3.1-8B,BASE,1,150,1494.72,1494.72,601.8066666666666
FIRST-EVAL,Llama-3.1-8B,BASE,2,150,3164.3866666666668,3164.3866666666668,655.3666666666667
FIRST-EVAL,Llama-3.1-8B,BASE,3,150,4894.113333333334,4894.113333333334,667.1266666666667
FIRST-EVAL,Llama-3.1-8B,BASE,4,150,6623.413333333333,6623.413333333333,680.7733333333333
FIRST-EVAL,Llama-3.1-8B,BASE,5,150,8357.1,8357.1,675.1866666666666
FIRST-EVAL,Llama-3.1-8B,EMBER-AGENT,0,150,125.48,608.7,334.22
FIRST-EVAL,Llama-3.1-8B,EMBER-AGENT,1,150,1475.24,2046.2933333333333,422.0533333333333
FIRST-EVAL,Llama-3.1-8B,EMBER-AGENT,2,150,2995.6666666666665,3575.9466666666667,431.28
FIRST-EVAL,Llama-3.1-8B,EMBER-AGENT,3,150,4550.766666666666,5138.34,438.5733333333333
FIRST-EVAL,Llama-3.1-8B,EMBER-AGENT,4,150,6125.166666666667,6721.433333333333,447.26666666666665
FIRST-EVAL,Llama-3.1-8B,EMBER-AGENT,5,150,7708.366666666667,8335.046666666667,477.68
FIRST-EVAL,Llama-3.1-8B,EMBER-PROMPT,0,150,289.48,289.48,335.12666666666667
FIRST-EVAL,Llama-3.1-8B,EMBER-PROMPT,1,150,1580.1533333333334,1580.1533333333334,556.7533333333333
FIRST-EVAL,Llama-3.1-8B,EMBER-PROMPT,2,150,3164.6,3164.6,644.56
FIRST-EVAL,Llama-3.1-8B,EMBER-PROMPT,3,150,4847.64,4847.64,658.5666666666667
FIRST-EVAL,Llama-3.1-8B,EMBER-PROMPT,4,150,6540.0,6540.0,630.2666666666667
FIRST-EVAL,Llama-3.1-8B,EMBER-PROMPT,5,150,8189.96,8189.96,624.78
FIRST-EVAL,Qwen3-4B,BASE,0,150,127.48,127.48,340.12
FIRST-EVAL,Qwen3-4B,BASE,1,150,1267.1133333333332,1267.1133333333332,916.5733333333334
FIRST-EVAL,Qwen3-4B,BASE,2,150,3145.133333333333,3145.133333333333,1003.3733333333332
FIRST-EVAL,Qwen3-4B,BASE,3,150,5138.266666666666,5138.266666666666,1001.6266666666668
FIRST-EVAL,Qwen3-4B,BASE,4,150,7146.793333333333,7146.793333333333,999.9733333333334
FIRST-EVAL,Qwen3-4B,BASE,5,150,9150.753333333334,9150.753333333334,996.6666666666666
FIRST-EVAL,Qwen3-4B,EMBER-AGENT,0,150,127.48,582.48,306.0
FIRST-EVAL,Qwen3-4B,EMBER-AGENT,1,150,1278.5933333333332,1990.76,563.1666666666666
FIRST-EVAL,Qwen3-4B,EMBER-AGENT,2,150,2803.46,3572.8866666666668,620.4266666666666
FIRST-EVAL,Qwen3-4B,EMBER-AGENT,3,150,4414.2733333333335,5180.84,617.5666666666667
FIRST-EVAL,Qwen3-4B,EMBER-AGENT,4,150,6033.093333333333,6836.106666666667,654.0133333333333
FIRST-EVAL,Qwen3-4B,EMBER-AGENT,5,150,7693.826666666667,8484.306666666667,641.48
FIRST-EVAL,Qwen3-4B,EMBER-PROMPT,0,150,291.48,291.48,302.3
FIRST-EVAL,Qwen3-4B,EMBER-PROMPT,1,150,1476.0733333333333,1476.0733333333333,918.02
FIRST-EVAL,Qwen3-4B,EMBER-PROMPT,2,150,3394.1866666666665,3394.1866666666665,983.7466666666668
FIRST-EVAL,Qwen3-4B,EMBER-PROMPT,3,150,5395.993333333333,5395.993333333333,974.2266666666668
FIRST-EVAL,Qwen3-4B,EMBER-PROMPT,4,150,7389.113333333334,7389.113333333334,945.46
FIRST-EVAL,Qwen3-4B,EMBER-PROMPT,5,150,9358.14,9358.14,946.9866666666668
SECOND-EVAL,Llama-3.1-8B,BASE,0,150,128.39333333333337,128.39333333333337,387.06666666666666
SECOND-EVAL,Llama-3.1-8B,BASE,1,150,1531.58,1531.58,622.1933333333334
SECOND-EVAL,Llama-3.1-8B,BASE,2,150,3253.44,3253.44,711.8066666666666
SECOND-EVAL,Llama-3.1-8B,BASE,3,150,5074.606666666667,5074.606666666667,738.5933333333334
SECOND-EVAL,Llama-3.1-8B,BASE,4,150,6912.3133333333335,6912.3133333333335,751.22
SECOND-EVAL,Llama-3.1-8B,BASE,5,150,8748.04,8748.04,771.0466666666666
SECOND-EVAL,Llama-3.1-8B,EMBER-AGENT,0,150,128.39333333333337,614.72,337.32666666666665
SECOND-EVAL,Llama-3.1-8B,EMBER-AGENT,1,150,1503.1866666666667,2071.04,418.85333333333335
SECOND-EVAL,Llama-3.1-8B,EMBER-AGENT,2,150,3034.766666666667,3607.286666666667,423.52
SECOND-EVAL,Llama-3.1-8B,EMBER-AGENT,3,150,4588.626666666667,5176.833333333333,439.20666666666665
SECOND-EVAL,Llama-3.1-8B,EMBER-AGENT,4,150,6169.7733333333335,6775.713333333333,456.94
SECOND-EVAL,Llama-3.1-8B,EMBER-AGENT,5,150,7780.573333333334,8389.466666666667,459.8933333333333
SECOND-EVAL,Llama-3.1-8B,EMBER-PROMPT,0,150,292.3933333333333,292.3933333333333,340.22
SECOND-EVAL,Llama-3.1-8B,EMBER-PROMPT,1,150,1570.1866666666667,1570.1866666666667,545.5466666666666
SECOND-EVAL,Llama-3.1-8B,EMBER-PROMPT,2,150,3136.42,3136.42,625.7
SECOND-EVAL,Llama-3.1-8B,EMBER-PROMPT,3,150,4785.126666666667,4785.126666666667,642.1466666666666
SECOND-EVAL,Llama-3.1-8B,EMBER-PROMPT,4,150,6466.02,6466.02,659.7733333333333
SECOND-EVAL,Llama-3.1-8B,EMBER-PROMPT,5,150,8160.586666666667,8160.586666666667,627.04
SECOND-EVAL,Llama-3.1-8B,SFT,0,150,128.39333333333337,128.39333333333337,358.75333333333333
SECOND-EVAL,Llama-3.1-8B,SFT,1,150,1483.34,1483.34,547.8666666666667
SECOND-EVAL,Llama-3.1-8B,SFT,2,150,3084.82,3084.82,527.62
SECOND-EVAL,Llama-3.1-8B,SFT,3,150,4664.826666666667,4664.826666666667,511.1066666666667
SECOND-EVAL,Llama-3.1-8B,SFT,4,150,6237.926666666666,6237.926666666666,461.1066666666667
SECOND-EVAL,Llama-3.1-8B,SFT,5,150,7754.406666666667,7754.406666666667,370.36
SECOND-EVAL,Llama-3.1-8B,SFT+RL,0,150,128.39333333333337,128.39333333333337,1022.0333333333332
SECOND-EVAL,Llama-3.1-8B,SFT+RL,1,150,1900.44,1900.44,1012.9666666666668
SECOND-EVAL,Llama-3.1-8B,SFT+RL,2,150,3723.413333333333,3723.413333333333,1019.6533333333332
SECOND-EVAL,Llama-3.1-8B,SFT+RL,3,150,5573.713333333333,5573.713333333333,1021.3333333333334
SECOND-EVAL,Llama-3.1-8B,SFT+RL,4,150,7440.326666666667,7440.326666666667,1016.42
SECOND-EVAL,Llama-3.1-8B,SFT+RL,5,150,9291.706666666669,9291.706666666669,1019.1466666666666
SECOND-EVAL,Qwen3-4B,BASE,0,150,130.39333333333337,130.39333333333337,349.49333333333334
SECOND-EVAL,Qwen3-4B,BASE,1,150,1285.8466666666666,1285.8466666666666,928.4066666666666
SECOND-EVAL,Qwen3-4B,BASE,2,150,3161.806666666667,3161.806666666667,991.7266666666668
SECOND-EVAL,Qwen3-4B,BASE,3,150,5123.9,5123.9,1005.4533333333334
SECOND-EVAL,Qwen3-4B,BASE,4,150,7110.553333333333,7110.553333333333,995.2
SECOND-EVAL,Qwen3-4B,BASE,5,150,9097.253333333334,9097.253333333334,989.26
SECOND-EVAL,Qwen3-4B,EMBER-AGENT,0,150,130.39333333333337,585.86,306.46666666666664
SECOND-EVAL,Qwen3-4B,EMBER-AGENT,1,150,1292.96,2013.5,571.54
SECOND-EVAL,Qwen3-4B,EMBER-AGENT,2,150,2810.893333333333,3585.38,625.4866666666667
SECOND-EVAL,Qwen3-4B,EMBER-AGENT,3,150,4424.8133333333335,5208.386666666666,634.5733333333334
SECOND-EVAL,Qwen3-4B,EMBER-AGENT,4,150,6053.56,6847.153333333334,644.5933333333334
SECOND-EVAL,Qwen3-4B,EMBER-AGENT,5,150,7703.413333333333,8525.926666666666,673.5133333333333
SECOND-EVAL,Qwen3-4B,EMBER-PROMPT,0,150,294.3933333333333,294.3933333333333,309.36
SECOND-EVAL,Qwen3-4B,EMBER-PROMPT,1,150,1480.6666666666667,1480.6666666666667,909.5933333333334
SECOND-EVAL,Qwen3-4B,EMBER-PROMPT,2,150,3389.72,3389.72,973.0866666666668
SECOND-EVAL,Qwen3-4B,EMBER-PROMPT,3,150,5376.613333333334,5376.613333333334,961.98
SECOND-EVAL,Qwen3-4B,EMBER-PROMPT,4,150,7347.486666666667,7347.486666666667,932.68
SECOND-EVAL,Qwen3-4B,EMBER-PROMPT,5,150,9290.693333333333,9290.693333333333,939.5133333333332
SECOND-EVAL,Qwen3-4B,SFT,0,150,130.39333333333337,130.39333333333337,360.26666666666665
SECOND-EVAL,Qwen3-4B,SFT,1,150,1265.52,1265.52,699.96
SECOND-EVAL,Qwen3-4B,SFT,2,150,2783.92,2783.92,706.2866666666666
SECOND-EVAL,Qwen3-4B,SFT,3,150,4336.966666666666,4336.966666666666,707.8533333333334
SECOND-EVAL,Qwen3-4B,SFT,4,150,5909.793333333333,5909.793333333333,681.8133333333334
SECOND-EVAL,Qwen3-4B,SFT,5,150,7451.34,7451.34,591.72
SECOND-EVAL,Qwen3-4B,SFT+RL,0,150,130.39333333333337,130.39333333333337,785.4333333333333
SECOND-EVAL,Qwen3-4B,SFT+RL,1,150,1538.9066666666668,1538.9066666666668,989.3533333333334
SECOND-EVAL,Qwen3-4B,SFT+RL,2,150,3099.613333333333,3099.613333333333,996.36
SECOND-EVAL,Qwen3-4B,SFT+RL,3,150,4675.8533333333335,4675.8533333333335,996.1333333333332
SECOND-EVAL,Qwen3-4B,SFT+RL,4,150,6257.453333333333,6257.453333333333,984.72
SECOND-EVAL,Qwen3-4B,SFT+RL,5,150,7862.933333333333,7862.933333333333,899.7333333333333
