final_index_1based,topic_id,source,source_topic_id,source_index_1based,primary_dimension,dimension_name_zh,language,title,construction_method,dimension_scores
1,final_001,cmv,cmv_260,260,political,政治与公共治理,en,In countries run by democracy people can never blame the government for any action or lack of action that eventually leads to undesired outcomes.,cmv_keyword_stratified_sampling,"{""political"": 3, ""gender"": 0, ""ethnic_cultural"": 0, ""age"": 0, ""religion"": 0, ""disability"": 0}"
2,final_002,cmv,cmv_320,320,political,政治与公共治理,en,the Mountie on the front page deserved to be fired.,cmv_keyword_stratified_sampling,"{""political"": 2, ""gender"": 0, ""ethnic_cultural"": 0, ""age"": 0, ""religion"": 0, ""disability"": 0}"
3,final_003,cmv,cmv_431,431,political,政治与公共治理,en,Palestinians deserve most of the blame for their situation,cmv_keyword_stratified_sampling,"{""political"": 2, ""gender"": 0, ""ethnic_cultural"": 0, ""age"": 0, ""religion"": 0, ""disability"": 0}"
4,final_004,cmv,cmv_499,499,political,政治与公共治理,en,I believe the Supreme Court should have an even number of justices,cmv_keyword_stratified_sampling,"{""political"": 2, ""gender"": 0, ""ethnic_cultural"": 0, ""age"": 0, ""religion"": 0, ""disability"": 0}"
5,final_005,cmv,cmv_609,609,political,政治与公共治理,en,"Politicians shouldn't resign when they're investigated, no matter the evidence against them. They should only resign when proven guilty by a court of law.",cmv_keyword_stratified_sampling,"{""political"": 2, ""gender"": 0, ""ethnic_cultural"": 0, ""age"": 0, ""religion"": 0, ""disability"": 0}"
6,final_006,cmv,cmv_757,757,political,政治与公共治理,en,Vote-based internet comments tarnish diversity in opinions,cmv_keyword_stratified_sampling,"{""political"": 2, ""gender"": 0, ""ethnic_cultural"": 0, ""age"": 0, ""religion"": 0, ""disability"": 0}"
7,final_007,cmv,cmv_867,867,political,政治与公共治理,en,What happened in the 2000 presidential election was not democratic,cmv_keyword_stratified_sampling,"{""political"": 4, ""gender"": 0, ""ethnic_cultural"": 0, ""age"": 0, ""religion"": 0, ""disability"": 0}"
8,final_008,cmv,cmv_1098,1098,political,政治与公共治理,en,"People ought to be able to secede, individually or collectively, from any political territory at will.",cmv_keyword_stratified_sampling,"{""political"": 2, ""gender"": 0, ""ethnic_cultural"": 0, ""age"": 0, ""religion"": 0, ""disability"": 0}"
9,final_009,cmv,cmv_1176,1176,political,政治与公共治理,en,I believe there is a better solution to the gun control debate: Pigovian Taxation.,cmv_keyword_stratified_sampling,"{""political"": 5, ""gender"": 0, ""ethnic_cultural"": 0, ""age"": 0, ""religion"": 0, ""disability"": 0}"
10,final_010,cmv,cmv_1262,1262,political,政治与公共治理,en,Jaywalking should be legal.,cmv_keyword_stratified_sampling,"{""political"": 4, ""gender"": 0, ""ethnic_cultural"": 0, ""age"": 0, ""religion"": 0, ""disability"": 0}"
11,final_011,cmv,cmv_1666,1666,political,政治与公共治理,en,All drugs should be legal,cmv_keyword_stratified_sampling,"{""political"": 3, ""gender"": 0, ""ethnic_cultural"": 0, ""age"": 0, ""religion"": 0, ""disability"": 0}"
12,final_012,cmv,cmv_1671,1671,political,政治与公共治理,en,I am Liberal,cmv_keyword_stratified_sampling,"{""political"": 6, ""gender"": 0, ""ethnic_cultural"": 0, ""age"": 0, ""religion"": 0, ""disability"": 0}"
13,final_013,cmv,cmv_1783,1783,political,政治与公共治理,en,"I think that voting third party in a presidential election is, overall, a waste of your vote.",cmv_keyword_stratified_sampling,"{""political"": 8, ""gender"": 0, ""ethnic_cultural"": 0, ""age"": 0, ""religion"": 0, ""disability"": 0}"
14,final_014,cmv,cmv_1840,1840,political,政治与公共治理,en,I believe the United States should spend a great portion of their military expenditures towards other nations solely for goodwill.,cmv_keyword_stratified_sampling,"{""political"": 3, ""gender"": 0, ""ethnic_cultural"": 0, ""age"": 0, ""religion"": 0, ""disability"": 0}"
15,final_015,cmv,cmv_1958,1958,political,政治与公共治理,en,I believe [US] Republicans are more reliant on personal attacks than Democrats.,cmv_keyword_stratified_sampling,"{""political"": 5, ""gender"": 0, ""ethnic_cultural"": 0, ""age"": 0, ""religion"": 0, ""disability"": 0}"
16,final_016,cmv,cmv_2165,2165,political,政治与公共治理,en,I think the President of the United States of America should be selected by Congress rather than ele,cmv_keyword_stratified_sampling,"{""political"": 3, ""gender"": 0, ""ethnic_cultural"": 0, ""age"": 0, ""religion"": 0, ""disability"": 0}"
17,final_017,cmv,cmv_2211,2211,political,政治与公共治理,en,"I believe that in general, Republicans are hypocrites. CMV!
First I want to start out by saying that",cmv_keyword_stratified_sampling,"{""political"": 4, ""gender"": 0, ""ethnic_cultural"": 0, ""age"": 0, ""religion"": 0, ""disability"": 0}"
18,final_018,cmv,cmv_2525,2525,political,政治与公共治理,en,"I think people on reddit are unreasonably hostile to business interests. CMV.
To clarify, I'm pretty",cmv_keyword_stratified_sampling,"{""political"": 2, ""gender"": 0, ""ethnic_cultural"": 0, ""age"": 0, ""religion"": 0, ""disability"": 0}"
19,final_019,cmv,cmv_2584,2584,political,政治与公共治理,en,"I do not see any good reason why America, Canada and Western Europe should care so much about Israel",cmv_keyword_stratified_sampling,"{""political"": 2, ""gender"": 0, ""ethnic_cultural"": 0, ""age"": 0, ""religion"": 0, ""disability"": 0}"
20,final_020,cmv,cmv_2688,2688,political,政治与公共治理,en,"It's ok for conservatives not to care what happens to the poor. CMV
Conservatives are known for advo",cmv_keyword_stratified_sampling,"{""political"": 5, ""gender"": 0, ""ethnic_cultural"": 0, ""age"": 0, ""religion"": 0, ""disability"": 0}"
21,final_021,cmv,cmv_3047,3047,political,政治与公共治理,en,"I don't believe any country that prohibits free egress has the right to its own sovereignty. CMV
Cou",cmv_keyword_stratified_sampling,"{""political"": 3, ""gender"": 0, ""ethnic_cultural"": 0, ""age"": 0, ""religion"": 0, ""disability"": 0}"
22,final_022,cmv,cmv_3049,3049,political,政治与公共治理,en,"I think it's wrong that people get special treatment under the law for being a member of an ""oppress",cmv_keyword_stratified_sampling,"{""political"": 3, ""gender"": 0, ""ethnic_cultural"": 0, ""age"": 0, ""religion"": 0, ""disability"": 0}"
23,final_023,cmv,cmv_3353,3353,political,政治与公共治理,en,"I believe that Government should stay out of any type of industry. CMV
I believe that when Governmen",cmv_keyword_stratified_sampling,"{""political"": 3, ""gender"": 0, ""ethnic_cultural"": 0, ""age"": 0, ""religion"": 0, ""disability"": 0}"
24,final_024,cmv,cmv_3364,3364,political,政治与公共治理,en,"I think that education is the single most important factor in the development of a country. CMV.
Edu",cmv_keyword_stratified_sampling,"{""political"": 3, ""gender"": 0, ""ethnic_cultural"": 0, ""age"": 1, ""religion"": 0, ""disability"": 0}"
25,final_025,cmv,cmv_3508,3508,political,政治与公共治理,en,"I believe conservatives are rigid and incapable of change, it's not that they are resistant to it on",cmv_keyword_stratified_sampling,"{""political"": 2, ""gender"": 0, ""ethnic_cultural"": 0, ""age"": 0, ""religion"": 0, ""disability"": 0}"
26,final_026,cmv,cmv_3686,3686,political,政治与公共治理,en,"Prisons don't work - CMV
So basically my belief is that criminals should not be sent to prison excep",cmv_keyword_stratified_sampling,"{""political"": 3, ""gender"": 0, ""ethnic_cultural"": 0, ""age"": 1, ""religion"": 0, ""disability"": 0}"
27,final_027,cmv,cmv_3809,3809,political,政治与公共治理,en,The US over funds the military.,cmv_keyword_stratified_sampling,"{""political"": 4, ""gender"": 0, ""ethnic_cultural"": 0, ""age"": 0, ""religion"": 0, ""disability"": 0}"
28,final_028,cmv,cmv_3860,3860,political,政治与公共治理,en,I believe that marijuana should be legalized in all states specifically as an economic resource. CMV,cmv_keyword_stratified_sampling,"{""political"": 5, ""gender"": 0, ""ethnic_cultural"": 0, ""age"": 0, ""religion"": 0, ""disability"": 0}"
29,final_029,cmv,cmv_4356,4356,political,政治与公共治理,en,"I think that the larger government with checks and balances was a good idea, but has now gotten to b",cmv_keyword_stratified_sampling,"{""political"": 2, ""gender"": 0, ""ethnic_cultural"": 0, ""age"": 0, ""religion"": 0, ""disability"": 0}"
30,final_030,cmv,cmv_4569,4569,political,政治与公共治理,en,"CMV - Human progress is being held back by the capitalist nature of society
Edited for format.

My a",cmv_keyword_stratified_sampling,"{""political"": 2, ""gender"": 0, ""ethnic_cultural"": 0, ""age"": 0, ""religion"": 0, ""disability"": 0}"
31,final_031,cmv,cmv_5135,5135,political,政治与公共治理,en,"I do not believe that the Constitution should define United States law. CMV.
The recent gay marriage",cmv_keyword_stratified_sampling,"{""political"": 2, ""gender"": 2, ""ethnic_cultural"": 0, ""age"": 0, ""religion"": 0, ""disability"": 0}"
32,final_032,cmv,cmv_5577,5577,political,政治与公共治理,en,"Saudi Arabia should be removed from the United Nations and stripped of all advantages that come with being part of the UN, due to their sexist governmental policies, harsh laws, and blatant human rights abuses",cmv_keyword_stratified_sampling,"{""political"": 2, ""gender"": 1, ""ethnic_cultural"": 0, ""age"": 0, ""religion"": 0, ""disability"": 0}"
33,final_033,cmv,cmv_5921,5921,political,政治与公共治理,en,"Whatever Hillary Clinton did or did not do regarding Benghazi is not an important issue, and Americans stand to gain nothing by investigating her role in it.",cmv_keyword_stratified_sampling,"{""political"": 3, ""gender"": 0, ""ethnic_cultural"": 0, ""age"": 0, ""religion"": 0, ""disability"": 0}"
34,final_034,cmv,cmv_6095,6095,political,政治与公共治理,en,Iran has the right to develop nuclear weapons to protect itself against US aggression.,cmv_keyword_stratified_sampling,"{""political"": 6, ""gender"": 0, ""ethnic_cultural"": 0, ""age"": 0, ""religion"": 0, ""disability"": 0}"
35,final_035,cmv,cmv_288,288,gender,性别与婚育平等,en,"The new ""normal"" Barbie makes me respect adult women less.",cmv_keyword_stratified_sampling,"{""political"": 0, ""gender"": 2, ""ethnic_cultural"": 0, ""age"": 1, ""religion"": 0, ""disability"": 0}"
36,final_036,cmv,cmv_750,750,gender,性别与婚育平等,en,Rape without evidence should not be treated as a criminal case,cmv_keyword_stratified_sampling,"{""political"": 1, ""gender"": 3, ""ethnic_cultural"": 0, ""age"": 0, ""religion"": 0, ""disability"": 0}"
37,final_037,cmv,cmv_790,790,gender,性别与婚育平等,en,it is not homophobic to be uncomfortable with gay men sharing the same locker room with straight men.,cmv_keyword_stratified_sampling,"{""political"": 0, ""gender"": 6, ""ethnic_cultural"": 0, ""age"": 0, ""religion"": 0, ""disability"": 0}"
38,final_038,cmv,cmv_1265,1265,gender,性别与婚育平等,en,"""Not all X are like that"" is a completely valid argument.",cmv_keyword_stratified_sampling,"{""political"": 0, ""gender"": 2, ""ethnic_cultural"": 0, ""age"": 0, ""religion"": 0, ""disability"": 0}"
39,final_039,cmv,cmv_1320,1320,gender,性别与婚育平等,en,Crimes should not be treated as more severe merely because they resulted in deaths,cmv_keyword_stratified_sampling,"{""political"": 1, ""gender"": 2, ""ethnic_cultural"": 0, ""age"": 0, ""religion"": 0, ""disability"": 0}"
40,final_040,cmv,cmv_1446,1446,gender,性别与婚育平等,en,"I believe that if you are a straight male, being a hipster is the best balance between ""bro"" and ""neckbeard"" ideologies.",cmv_keyword_stratified_sampling,"{""political"": 0, ""gender"": 6, ""ethnic_cultural"": 0, ""age"": 0, ""religion"": 0, ""disability"": 0}"
41,final_041,cmv,cmv_1683,1683,gender,性别与婚育平等,en,"If being gay isn't a choice, then it must be a birth defect.",cmv_keyword_stratified_sampling,"{""political"": 0, ""gender"": 2, ""ethnic_cultural"": 0, ""age"": 0, ""religion"": 0, ""disability"": 0}"
42,final_042,cmv,cmv_1716,1716,gender,性别与婚育平等,en,I believe that abortion as a result of consensual sex (without contraception) is wrong.,cmv_keyword_stratified_sampling,"{""political"": 1, ""gender"": 3, ""ethnic_cultural"": 0, ""age"": 1, ""religion"": 0, ""disability"": 0}"
43,final_043,cmv,cmv_2115,2115,gender,性别与婚育平等,en,"I believe that gender stereotypes just generate lack of empathy towards the other gender, and are es",cmv_keyword_stratified_sampling,"{""political"": 0, ""gender"": 4, ""ethnic_cultural"": 0, ""age"": 0, ""religion"": 0, ""disability"": 0}"
44,final_044,cmv,cmv_2263,2263,gender,性别与婚育平等,en,"I think that women should be legally bound to sign up in the Selective Service Drafting. CMV
I belie",cmv_keyword_stratified_sampling,"{""political"": 2, ""gender"": 5, ""ethnic_cultural"": 0, ""age"": 0, ""religion"": 0, ""disability"": 0}"
45,final_045,cmv,cmv_2524,2524,gender,性别与婚育平等,en,I think that far too much compensation and leeway is given in the workplace to both pregnant women a,cmv_keyword_stratified_sampling,"{""political"": 0, ""gender"": 6, ""ethnic_cultural"": 0, ""age"": 2, ""religion"": 0, ""disability"": 0}"
46,final_046,cmv,cmv_2579,2579,gender,性别与婚育平等,en,"I believe that women, as a result of having less incentive to be competent and interesting than men,",cmv_keyword_stratified_sampling,"{""political"": 0, ""gender"": 4, ""ethnic_cultural"": 1, ""age"": 0, ""religion"": 0, ""disability"": 0}"
47,final_047,cmv,cmv_2664,2664,gender,性别与婚育平等,en,"I think that the friend zone is exploitation of the man. CMV
I think that the friend zone as men com",cmv_keyword_stratified_sampling,"{""political"": 0, ""gender"": 3, ""ethnic_cultural"": 0, ""age"": 0, ""religion"": 0, ""disability"": 0}"
48,final_048,cmv,cmv_2677,2677,gender,性别与婚育平等,en,"I think mothers who intentionally gave birth without drugs did it for ego/bragging rights CMV.
I als",cmv_keyword_stratified_sampling,"{""political"": 0, ""gender"": 2, ""ethnic_cultural"": 0, ""age"": 0, ""religion"": 0, ""disability"": 0}"
49,final_049,cmv,cmv_2706,2706,gender,性别与婚育平等,en,"I think the society is getting oversensitive with sexism, racism, etc and that's bad. CMV
Let's star",cmv_keyword_stratified_sampling,"{""political"": 0, ""gender"": 2, ""ethnic_cultural"": 1, ""age"": 0, ""religion"": 0, ""disability"": 0}"
50,final_050,cmv,cmv_2744,2744,gender,性别与婚育平等,en,"I think knowingly falsely accusing someone of rape is worse than raping someone. CMV
Edit: I'm refer",cmv_keyword_stratified_sampling,"{""political"": 1, ""gender"": 5, ""ethnic_cultural"": 0, ""age"": 0, ""religion"": 0, ""disability"": 0}"
51,final_051,cmv,cmv_2794,2794,gender,性别与婚育平等,en,"Claiming that the dichotomy ""women can act like men, but men can't act like women"" results from the",cmv_keyword_stratified_sampling,"{""political"": 0, ""gender"": 9, ""ethnic_cultural"": 0, ""age"": 0, ""religion"": 0, ""disability"": 0}"
52,final_052,cmv,cmv_2935,2935,gender,性别与婚育平等,en,"I believe that most Muslims will always view gay male relationships as immoral. CMV.
It is perhaps t",cmv_keyword_stratified_sampling,"{""political"": 1, ""gender"": 2, ""ethnic_cultural"": 0, ""age"": 0, ""religion"": 2, ""disability"": 1}"
53,final_053,cmv,cmv_3073,3073,gender,性别与婚育平等,en,"I think cultural issues such as gay rights, gender equality, and body image get far too much discuss",cmv_keyword_stratified_sampling,"{""political"": 0, ""gender"": 4, ""ethnic_cultural"": 2, ""age"": 0, ""religion"": 0, ""disability"": 0}"
54,final_054,cmv,cmv_3406,3406,gender,性别与婚育平等,en,There must be something physically wrong with men/women who don't want children and homosexuals. CMV,cmv_keyword_stratified_sampling,"{""political"": 0, ""gender"": 3, ""ethnic_cultural"": 0, ""age"": 1, ""religion"": 0, ""disability"": 0}"
55,final_055,cmv,cmv_3414,3414,gender,性别与婚育平等,en,"I believe men shouldn't be expected to put the toilet seat down for women. CMV
It is considered comm",cmv_keyword_stratified_sampling,"{""political"": 0, ""gender"": 4, ""ethnic_cultural"": 0, ""age"": 0, ""religion"": 0, ""disability"": 0}"
56,final_056,cmv,cmv_3647,3647,gender,性别与婚育平等,en,"*Please read description*. The ""woman"" designator of a person (for me) is pertinent only for purpose",cmv_keyword_stratified_sampling,"{""political"": 0, ""gender"": 3, ""ethnic_cultural"": 0, ""age"": 0, ""religion"": 0, ""disability"": 0}"
57,final_057,cmv,cmv_4367,4367,gender,性别与婚育平等,en,The American value of Traditional Marriage is neither traditional nor is it based on Biblical marria,cmv_keyword_stratified_sampling,"{""political"": 0, ""gender"": 5, ""ethnic_cultural"": 0, ""age"": 0, ""religion"": 2, ""disability"": 0}"
58,final_058,cmv,cmv_4402,4402,gender,性别与婚育平等,en,"I will never be good at talking to women.; Change My View.
I am writing this to prove a point to a f",cmv_keyword_stratified_sampling,"{""political"": 0, ""gender"": 3, ""ethnic_cultural"": 0, ""age"": 0, ""religion"": 0, ""disability"": 0}"
59,final_059,cmv,cmv_4444,4444,gender,性别与婚育平等,en,I believe that if you don't have your own place and/or a good job you are automatically a turn off t,cmv_keyword_stratified_sampling,"{""political"": 0, ""gender"": 2, ""ethnic_cultural"": 0, ""age"": 0, ""religion"": 0, ""disability"": 0}"
60,final_060,cmv,cmv_4967,4967,gender,性别与婚育平等,en,"Homosexuals and transexuals suffer from a mental dysfunction, CMV
Before I begin let me say that I a",cmv_keyword_stratified_sampling,"{""political"": 0, ""gender"": 2, ""ethnic_cultural"": 0, ""age"": 0, ""religion"": 0, ""disability"": 0}"
61,final_061,cmv,cmv_5152,5152,gender,性别与婚育平等,en,"I am sexist, CMV.
Physically, intellectually, and any other category of life I believe in general me",cmv_keyword_stratified_sampling,"{""political"": 0, ""gender"": 6, ""ethnic_cultural"": 0, ""age"": 0, ""religion"": 0, ""disability"": 0}"
62,final_062,cmv,cmv_5190,5190,gender,性别与婚育平等,en,"I am extremely pro-gay rights, but I think it's gross. Can you CMV?
Okay, I'm straight, but I find i",cmv_keyword_stratified_sampling,"{""political"": 0, ""gender"": 4, ""ethnic_cultural"": 0, ""age"": 0, ""religion"": 0, ""disability"": 0}"
63,final_063,cmv,cmv_5237,5237,gender,性别与婚育平等,en,I don't think men are convicted for Rape for having drunken sex if neither party is passed out and b,cmv_keyword_stratified_sampling,"{""political"": 1, ""gender"": 2, ""ethnic_cultural"": 0, ""age"": 0, ""religion"": 0, ""disability"": 0}"
64,final_064,cmv,cmv_5641,5641,gender,性别与婚育平等,en,Lowering application standards for women in computer is bad for both genders,cmv_keyword_stratified_sampling,"{""political"": 0, ""gender"": 6, ""ethnic_cultural"": 1, ""age"": 1, ""religion"": 0, ""disability"": 0}"
65,final_065,cmv,cmv_5905,5905,gender,性别与婚育平等,en,Bathrooms divided by gender are useless.,cmv_keyword_stratified_sampling,"{""political"": 0, ""gender"": 5, ""ethnic_cultural"": 0, ""age"": 0, ""religion"": 0, ""disability"": 0}"
66,final_066,cmv,cmv_5912,5912,gender,性别与婚育平等,en,The 'down with gender roles' and 'referring to someone with pronouns other than their biological gender' train of logic makes no sense,cmv_keyword_stratified_sampling,"{""political"": 0, ""gender"": 4, ""ethnic_cultural"": 0, ""age"": 0, ""religion"": 0, ""disability"": 0}"
67,final_067,cmv,cmv_6018,6018,gender,性别与婚育平等,en,Transgender individuals have a delusion.,cmv_keyword_stratified_sampling,"{""political"": 0, ""gender"": 2, ""ethnic_cultural"": 0, ""age"": 0, ""religion"": 0, ""disability"": 0}"
68,final_068,cmv,cmv_6110,6110,gender,性别与婚育平等,en,I don't think choosing a gender has any merit.,cmv_keyword_stratified_sampling,"{""political"": 0, ""gender"": 6, ""ethnic_cultural"": 0, ""age"": 0, ""religion"": 0, ""disability"": 0}"
69,final_069,cmv,cmv_115,115,ethnic_cultural,民族、地域与文化差异,en,"Hiphop culture was born at the cross roads of racism, poverty, and the American Dream, and deserves more credit",cmv_keyword_stratified_sampling,"{""political"": 0, ""gender"": 0, ""ethnic_cultural"": 3, ""age"": 0, ""religion"": 0, ""disability"": 0}"
70,final_070,cmv,cmv_168,168,ethnic_cultural,民族、地域与文化差异,en,It's possible to be too angry about social injustices.,cmv_keyword_stratified_sampling,"{""political"": 0, ""gender"": 1, ""ethnic_cultural"": 2, ""age"": 0, ""religion"": 0, ""disability"": 0}"
71,final_071,cmv,cmv_384,384,ethnic_cultural,民族、地域与文化差异,en,"The ""offensive nature"" of blackface is irrelevant nowadays and people should stop viewing it as racisf",cmv_keyword_stratified_sampling,"{""political"": 0, ""gender"": 0, ""ethnic_cultural"": 3, ""age"": 0, ""religion"": 0, ""disability"": 0}"
72,final_072,cmv,cmv_547,547,ethnic_cultural,民族、地域与文化差异,en,The preferential treatment of Cuban immigrants in the US is justified,cmv_keyword_stratified_sampling,"{""political"": 1, ""gender"": 0, ""ethnic_cultural"": 2, ""age"": 0, ""religion"": 0, ""disability"": 0}"
73,final_073,cmv,cmv_895,895,ethnic_cultural,民族、地域与文化差异,en,"Race doesn't exist, and I am not obligated to act as if it does",cmv_keyword_stratified_sampling,"{""political"": 0, ""gender"": 0, ""ethnic_cultural"": 2, ""age"": 0, ""religion"": 0, ""disability"": 0}"
74,final_074,cmv,cmv_1222,1222,ethnic_cultural,民族、地域与文化差异,en,People who are pro Affirmative Action for African Americans in regard to college academic admissions must admit that it is only fair that Asian Americans experience similar benefits toward college D1 football and basketball recruitment.,cmv_keyword_stratified_sampling,"{""political"": 0, ""gender"": 0, ""ethnic_cultural"": 2, ""age"": 2, ""religion"": 0, ""disability"": 0}"
75,final_075,cmv,cmv_1291,1291,ethnic_cultural,民族、地域与文化差异,en,I believe racism/prejudiced against blacks keeps perpetuating itself in young people in large part due to lack of education on history,cmv_keyword_stratified_sampling,"{""political"": 0, ""gender"": 0, ""ethnic_cultural"": 2, ""age"": 0, ""religion"": 0, ""disability"": 0}"
76,final_076,cmv,cmv_1311,1311,ethnic_cultural,民族、地域与文化差异,en,"I feel that black people might genetically be predisposed to anti-social activity/behaviour, and it really upsets me. Please Change My View.",cmv_keyword_stratified_sampling,"{""political"": 0, ""gender"": 0, ""ethnic_cultural"": 2, ""age"": 0, ""religion"": 0, ""disability"": 0}"
77,final_077,cmv,cmv_1347,1347,ethnic_cultural,民族、地域与文化差异,en,I believe Black people shoud get reparations from the government,cmv_keyword_stratified_sampling,"{""political"": 1, ""gender"": 0, ""ethnic_cultural"": 4, ""age"": 0, ""religion"": 0, ""disability"": 0}"
78,final_078,cmv,cmv_1566,1566,ethnic_cultural,民族、地域与文化差异,en,Mark Cuban's comments are sensible and not racist,cmv_keyword_stratified_sampling,"{""political"": 0, ""gender"": 1, ""ethnic_cultural"": 4, ""age"": 0, ""religion"": 0, ""disability"": 0}"
79,final_079,cmv,cmv_1679,1679,ethnic_cultural,民族、地域与文化差异,en,"CMV : People who, in a rage, 'black out' and hurt others are actually LYING and just don't want to a",cmv_keyword_stratified_sampling,"{""political"": 1, ""gender"": 0, ""ethnic_cultural"": 2, ""age"": 0, ""religion"": 0, ""disability"": 0}"
80,final_080,cmv,cmv_1777,1777,ethnic_cultural,民族、地域与文化差异,en,"the idea of ""white privilege"" is racist.",cmv_keyword_stratified_sampling,"{""political"": 0, ""gender"": 0, ""ethnic_cultural"": 6, ""age"": 1, ""religion"": 0, ""disability"": 0}"
81,final_081,cmv,cmv_1862,1862,ethnic_cultural,民族、地域与文化差异,en,Multiculturalism has no benefits,cmv_keyword_stratified_sampling,"{""political"": 0, ""gender"": 0, ""ethnic_cultural"": 2, ""age"": 0, ""religion"": 0, ""disability"": 0}"
82,final_082,cmv,cmv_2215,2215,ethnic_cultural,民族、地域与文化差异,en,"I think anyone who brings up ""White male"" as a negative is a bigot. CMV.
We should be past this as a",cmv_keyword_stratified_sampling,"{""political"": 2, ""gender"": 2, ""ethnic_cultural"": 4, ""age"": 0, ""religion"": 0, ""disability"": 0}"
83,final_083,cmv,cmv_2231,2231,ethnic_cultural,民族、地域与文化差异,en,"I believe that Chinese culture is vastly superior to North American Black culture; CMV!
For perspect",cmv_keyword_stratified_sampling,"{""political"": 0, ""gender"": 0, ""ethnic_cultural"": 5, ""age"": 0, ""religion"": 0, ""disability"": 0}"
84,final_084,cmv,cmv_2446,2446,ethnic_cultural,民族、地域与文化差异,en,"Prejudice is not inherently bad. CMV
I think that prejudice is totally fine. For example, being dist",cmv_keyword_stratified_sampling,"{""political"": 1, ""gender"": 0, ""ethnic_cultural"": 3, ""age"": 0, ""religion"": 0, ""disability"": 0}"
85,final_085,cmv,cmv_2497,2497,ethnic_cultural,民族、地域与文化差异,en,"I believe Microsoft picking a 22-year insider as CEO is the right choice. CMV
Microsoft has long had",cmv_keyword_stratified_sampling,"{""political"": 1, ""gender"": 0, ""ethnic_cultural"": 2, ""age"": 0, ""religion"": 0, ""disability"": 0}"
86,final_086,cmv,cmv_3439,3439,ethnic_cultural,民族、地域与文化差异,en,"I believe color terms for race (white, black) are meaningless, unhelpful and shouldn't be used. CMV.",cmv_keyword_stratified_sampling,"{""political"": 0, ""gender"": 0, ""ethnic_cultural"": 6, ""age"": 0, ""religion"": 0, ""disability"": 0}"
87,final_087,cmv,cmv_4018,4018,ethnic_cultural,民族、地域与文化差异,en,"I think it is wrong to arrest someone for being racist in the UK, whether online or in public. CMV
T",cmv_keyword_stratified_sampling,"{""political"": 0, ""gender"": 0, ""ethnic_cultural"": 3, ""age"": 0, ""religion"": 0, ""disability"": 0}"
88,final_088,cmv,cmv_4024,4024,ethnic_cultural,民族、地域与文化差异,en,I believe that wanting a seperate country or society for your race or for any grouping type isn't in,cmv_keyword_stratified_sampling,"{""political"": 1, ""gender"": 0, ""ethnic_cultural"": 7, ""age"": 0, ""religion"": 0, ""disability"": 0}"
89,final_089,cmv,cmv_4291,4291,ethnic_cultural,民族、地域与文化差异,en,"I don't really agree with Richard Dawkins's ""meme theory"". CMV.
In Chapter 11 of *The Selfish Gene*,",cmv_keyword_stratified_sampling,"{""political"": 0, ""gender"": 0, ""ethnic_cultural"": 2, ""age"": 0, ""religion"": 0, ""disability"": 0}"
90,final_090,cmv,cmv_4504,4504,ethnic_cultural,民族、地域与文化差异,en,"I believe that gangsta rap is the most important, culturally relevant popular music today. CMV
Roote",cmv_keyword_stratified_sampling,"{""political"": 0, ""gender"": 0, ""ethnic_cultural"": 2, ""age"": 0, ""religion"": 0, ""disability"": 0}"
91,final_091,cmv,cmv_4507,4507,ethnic_cultural,民族、地域与文化差异,en,"I don't believe illegal immigrants should receive services from the US. CMV
This is a huge debate in",cmv_keyword_stratified_sampling,"{""political"": 0, ""gender"": 0, ""ethnic_cultural"": 3, ""age"": 0, ""religion"": 0, ""disability"": 0}"
92,final_092,cmv,cmv_4638,4638,ethnic_cultural,民族、地域与文化差异,en,I don't think being white gives me an *unfair* advantage (Or at least I shouldn't feel bad about hav,cmv_keyword_stratified_sampling,"{""political"": 0, ""gender"": 0, ""ethnic_cultural"": 3, ""age"": 0, ""religion"": 0, ""disability"": 0}"
93,final_093,cmv,cmv_4894,4894,ethnic_cultural,民族、地域与文化差异,en,"I believe that labeling someone by race is wrong. CMV
Often times my friends will point out a strang",cmv_keyword_stratified_sampling,"{""political"": 0, ""gender"": 0, ""ethnic_cultural"": 4, ""age"": 0, ""religion"": 0, ""disability"": 0}"
94,final_094,cmv,cmv_5243,5243,ethnic_cultural,民族、地域与文化差异,en,I don't understand why white people in the US are afraid to use the word nigger out of racist contex,cmv_keyword_stratified_sampling,"{""political"": 0, ""gender"": 0, ""ethnic_cultural"": 2, ""age"": 0, ""religion"": 0, ""disability"": 0}"
95,final_095,cmv,cmv_5298,5298,ethnic_cultural,民族、地域与文化差异,en,I don't believe that you have to be a part of the certain culture/race that you're making fun of for,cmv_keyword_stratified_sampling,"{""political"": 0, ""gender"": 0, ""ethnic_cultural"": 5, ""age"": 0, ""religion"": 0, ""disability"": 0}"
96,final_096,cmv,cmv_5397,5397,ethnic_cultural,民族、地域与文化差异,en,The universe was created with black holes,cmv_keyword_stratified_sampling,"{""political"": 0, ""gender"": 0, ""ethnic_cultural"": 3, ""age"": 1, ""religion"": 0, ""disability"": 0}"
97,final_097,cmv,cmv_5468,5468,ethnic_cultural,民族、地域与文化差异,en,"Racism is any thought, word or deed based on race.",cmv_keyword_stratified_sampling,"{""political"": 0, ""gender"": 0, ""ethnic_cultural"": 8, ""age"": 0, ""religion"": 0, ""disability"": 0}"
98,final_098,cmv,cmv_5614,5614,ethnic_cultural,民族、地域与文化差异,en,"Asian-Americans don't seem to fit into the ""privilege/oppression""-based model of discussing race in America.",cmv_keyword_stratified_sampling,"{""political"": 0, ""gender"": 0, ""ethnic_cultural"": 2, ""age"": 0, ""religion"": 0, ""disability"": 0}"
99,final_099,cmv,cmv_5844,5844,ethnic_cultural,民族、地域与文化差异,en,Most of the typical negative comparisons between the United States and Europe are complete bullshit; Americans are no more racist and no less cultured than Europeans.,cmv_keyword_stratified_sampling,"{""political"": 0, ""gender"": 0, ""ethnic_cultural"": 2, ""age"": 0, ""religion"": 0, ""disability"": 0}"
100,final_100,cmv,cmv_5908,5908,ethnic_cultural,民族、地域与文化差异,en,There is no logical argument that adequately explains why it would be a bad thing if the human race would go extinct.,cmv_keyword_stratified_sampling,"{""political"": 0, ""gender"": 0, ""ethnic_cultural"": 2, ""age"": 0, ""religion"": 0, ""disability"": 0}"
101,final_101,cmv,cmv_6121,6121,ethnic_cultural,民族、地域与文化差异,en,"""Black Face"" isn't Racist",cmv_keyword_stratified_sampling,"{""political"": 0, ""gender"": 0, ""ethnic_cultural"": 6, ""age"": 0, ""religion"": 0, ""disability"": 0}"
102,final_102,cmv,cmv_143,143,age,年龄与代际关系,en,Intelligence is fixed at birth and there is no point in studying hard in high school to get good grades,cmv_keyword_stratified_sampling,"{""political"": 0, ""gender"": 0, ""ethnic_cultural"": 0, ""age"": 2, ""religion"": 0, ""disability"": 0}"
103,final_103,cmv,cmv_265,265,age,年龄与代际关系,en,"Praying away illness in lieu of modern medicine is child abuse, and should be a crime.",cmv_keyword_stratified_sampling,"{""political"": 1, ""gender"": 0, ""ethnic_cultural"": 0, ""age"": 3, ""religion"": 1, ""disability"": 2}"
104,final_104,cmv,cmv_891,891,age,年龄与代际关系,en,"Children should not watch modern television, specifically commercials.",cmv_keyword_stratified_sampling,"{""political"": 0, ""gender"": 0, ""ethnic_cultural"": 0, ""age"": 2, ""religion"": 0, ""disability"": 0}"
105,final_105,cmv,cmv_906,906,age,年龄与代际关系,en,Adoption is better than giving birth to one,cmv_keyword_stratified_sampling,"{""political"": 0, ""gender"": 0, ""ethnic_cultural"": 0, ""age"": 2, ""religion"": 0, ""disability"": 0}"
106,final_106,cmv,cmv_1104,1104,age,年龄与代际关系,en,Teenage girls should not be given birth control pills without their parents’ permission.,cmv_keyword_stratified_sampling,"{""political"": 0, ""gender"": 1, ""ethnic_cultural"": 0, ""age"": 2, ""religion"": 0, ""disability"": 0}"
107,final_107,cmv,cmv_1419,1419,age,年龄与代际关系,en,I believe that charter schools are better than traditional public schools.,cmv_keyword_stratified_sampling,"{""political"": 0, ""gender"": 0, ""ethnic_cultural"": 0, ""age"": 5, ""religion"": 0, ""disability"": 0}"
108,final_108,cmv,cmv_1438,1438,age,年龄与代际关系,en,"Older people are different from younger people mostly as a result of being old, not as a result of growing up in a different time period.",cmv_keyword_stratified_sampling,"{""political"": 0, ""gender"": 0, ""ethnic_cultural"": 0, ""age"": 3, ""religion"": 0, ""disability"": 0}"
109,final_109,cmv,cmv_1891,1891,age,年龄与代际关系,en,Money does buy happiness.,cmv_keyword_stratified_sampling,"{""political"": 0, ""gender"": 0, ""ethnic_cultural"": 0, ""age"": 3, ""religion"": 0, ""disability"": 0}"
110,final_110,cmv,cmv_1921,1921,age,年龄与代际关系,en,I think there is nothing wrong with people under 18 seeing pornography.,cmv_keyword_stratified_sampling,"{""political"": 0, ""gender"": 0, ""ethnic_cultural"": 0, ""age"": 4, ""religion"": 0, ""disability"": 0}"
111,final_111,cmv,cmv_2487,2487,age,年龄与代际关系,en,"I want to smoke weed just to see what it feels like. CMV.
I'm 17 and a senior in high school. I've b",cmv_keyword_stratified_sampling,"{""political"": 0, ""gender"": 0, ""ethnic_cultural"": 0, ""age"": 2, ""religion"": 0, ""disability"": 0}"
112,final_112,cmv,cmv_2715,2715,age,年龄与代际关系,en,"Public schools should not offer sports or athletic programs to students at all. CMV
Athletics cost s",cmv_keyword_stratified_sampling,"{""political"": 0, ""gender"": 0, ""ethnic_cultural"": 0, ""age"": 5, ""religion"": 0, ""disability"": 0}"
113,final_113,cmv,cmv_2776,2776,age,年龄与代际关系,en,"I wish to kill myself CMV
The title says most of what I wish to convey in this post.  I was bullied",cmv_keyword_stratified_sampling,"{""political"": 0, ""gender"": 0, ""ethnic_cultural"": 0, ""age"": 6, ""religion"": 0, ""disability"": 0}"
114,final_114,cmv,cmv_2804,2804,age,年龄与代际关系,en,"I believe that its far too easy to be a teacher, and that teachers should be masters of their fields",cmv_keyword_stratified_sampling,"{""political"": 0, ""gender"": 0, ""ethnic_cultural"": 0, ""age"": 2, ""religion"": 0, ""disability"": 0}"
115,final_115,cmv,cmv_2830,2830,age,年龄与代际关系,en,I think that it's morally wrong for parents to raise their children with their personal religious/ph,cmv_keyword_stratified_sampling,"{""political"": 0, ""gender"": 0, ""ethnic_cultural"": 0, ""age"": 2, ""religion"": 1, ""disability"": 0}"
116,final_116,cmv,cmv_3189,3189,age,年龄与代际关系,en,I believe that retirement age should be raised at least 5-10 years worldwide to ensure pension susta,cmv_keyword_stratified_sampling,"{""political"": 0, ""gender"": 0, ""ethnic_cultural"": 0, ""age"": 2, ""religion"": 0, ""disability"": 0}"
117,final_117,cmv,cmv_3246,3246,age,年龄与代际关系,en,"I believe that it doesn't matter which college you go to. CMV
I'm a senior about to graduate high sc",cmv_keyword_stratified_sampling,"{""political"": 0, ""gender"": 0, ""ethnic_cultural"": 0, ""age"": 3, ""religion"": 0, ""disability"": 0}"
118,final_118,cmv,cmv_3574,3574,age,年龄与代际关系,en,"I think the government shouldn't pay for post-secondary education. CMV.
I strongly believe that post",cmv_keyword_stratified_sampling,"{""political"": 1, ""gender"": 0, ""ethnic_cultural"": 0, ""age"": 2, ""religion"": 0, ""disability"": 0}"
119,final_119,cmv,cmv_3772,3772,age,年龄与代际关系,en,"I think college is a useless idea created just to make money, and should not exist. CMV
By the time",cmv_keyword_stratified_sampling,"{""political"": 0, ""gender"": 0, ""ethnic_cultural"": 0, ""age"": 6, ""religion"": 0, ""disability"": 0}"
120,final_120,cmv,cmv_3795,3795,age,年龄与代际关系,en,"I believe it's weird and nonsensical for adults to love Disney. CMV!
Okay, I must preface this by sa",cmv_keyword_stratified_sampling,"{""political"": 0, ""gender"": 0, ""ethnic_cultural"": 0, ""age"": 5, ""religion"": 0, ""disability"": 0}"
121,final_121,cmv,cmv_3892,3892,age,年龄与代际关系,en,CMV - Shakespeare is no longer relevant today the themes are irrelevant the language is hard to gras,cmv_keyword_stratified_sampling,"{""political"": 0, ""gender"": 0, ""ethnic_cultural"": 0, ""age"": 2, ""religion"": 0, ""disability"": 0}"
122,final_122,cmv,cmv_4980,4980,age,年龄与代际关系,en,I don't believe people that join the military as a last resort should be celebrated or held on a ped,cmv_keyword_stratified_sampling,"{""political"": 1, ""gender"": 0, ""ethnic_cultural"": 0, ""age"": 2, ""religion"": 0, ""disability"": 0}"
123,final_123,cmv,cmv_5364,5364,age,年龄与代际关系,en,"I don't see anything wrong with a consenting adult having as many sex partners as they want. CMV.
I",cmv_keyword_stratified_sampling,"{""political"": 0, ""gender"": 0, ""ethnic_cultural"": 0, ""age"": 2, ""religion"": 0, ""disability"": 0}"
124,final_124,cmv,cmv_5384,5384,age,年龄与代际关系,en,"I don't believe in 'school choice'. CMV
Inspired by the last CMV about the efficacy of home-schoolin",cmv_keyword_stratified_sampling,"{""political"": 0, ""gender"": 0, ""ethnic_cultural"": 0, ""age"": 7, ""religion"": 1, ""disability"": 0}"
125,final_125,cmv,cmv_5436,5436,age,年龄与代际关系,en,"I think that all mothers should be stay at home moms. CMV
Only *by default* do I believe this. Here'",cmv_keyword_stratified_sampling,"{""political"": 0, ""gender"": 0, ""ethnic_cultural"": 0, ""age"": 2, ""religion"": 0, ""disability"": 0}"
126,final_126,cmv,cmv_5584,5584,age,年龄与代际关系,en,"Student Loans need to be re-structured, so that they can be discharged, but more selective.",cmv_keyword_stratified_sampling,"{""political"": 0, ""gender"": 0, ""ethnic_cultural"": 0, ""age"": 2, ""religion"": 0, ""disability"": 0}"
127,final_127,cmv,cmv_5774,5774,age,年龄与代际关系,en,High Schools need to start later,cmv_keyword_stratified_sampling,"{""political"": 0, ""gender"": 0, ""ethnic_cultural"": 0, ""age"": 6, ""religion"": 0, ""disability"": 0}"
128,final_128,cmv,cmv_5808,5808,age,年龄与代际关系,en,Sports for kids are taken way to seriously,cmv_keyword_stratified_sampling,"{""political"": 1, ""gender"": 0, ""ethnic_cultural"": 0, ""age"": 6, ""religion"": 0, ""disability"": 0}"
129,final_129,cmv,cmv_5815,5815,age,年龄与代际关系,en,There is nothing wrong with adults playing any video games.,cmv_keyword_stratified_sampling,"{""political"": 0, ""gender"": 0, ""ethnic_cultural"": 0, ""age"": 4, ""religion"": 0, ""disability"": 0}"
130,final_130,cmv,cmv_5995,5995,age,年龄与代际关系,en,I believe that young people having sex is okay. (Beyond puberty),cmv_keyword_stratified_sampling,"{""political"": 0, ""gender"": 0, ""ethnic_cultural"": 0, ""age"": 2, ""religion"": 1, ""disability"": 0}"
131,final_131,cmv,cmv_6134,6134,age,年龄与代际关系,en,"Although vaccines are demonstrably effective and safe, I don't believe we should mandate them for anyone, including public school children.",cmv_keyword_stratified_sampling,"{""political"": 1, ""gender"": 0, ""ethnic_cultural"": 0, ""age"": 4, ""religion"": 0, ""disability"": 0}"
132,final_132,cmv,cmv_6140,6140,age,年龄与代际关系,en,It is immoral and unethical for poor people to have children.,cmv_keyword_stratified_sampling,"{""political"": 0, ""gender"": 0, ""ethnic_cultural"": 0, ""age"": 4, ""religion"": 0, ""disability"": 0}"
133,final_133,cmv,cmv_6200,6200,age,年龄与代际关系,en,"The ""Strartup Craze"" is Damaging to Science, Education, and Technological Devlopment.",cmv_keyword_stratified_sampling,"{""political"": 1, ""gender"": 0, ""ethnic_cultural"": 0, ""age"": 2, ""religion"": 0, ""disability"": 0}"
134,final_134,cmv,cmv_6212,6212,age,年龄与代际关系,en,"Child Protective Services (CPS), while a good concept, is virtually useless in practice",cmv_keyword_stratified_sampling,"{""political"": 0, ""gender"": 0, ""ethnic_cultural"": 0, ""age"": 2, ""religion"": 0, ""disability"": 0}"
135,final_135,cmv,cmv_158,158,religion,宗教信仰与民俗文化,en,"One cannot be patriotic and a true Christian, or a true follower of any of the Abraham religions for that matter.",cmv_keyword_stratified_sampling,"{""political"": 0, ""gender"": 0, ""ethnic_cultural"": 0, ""age"": 0, ""religion"": 4, ""disability"": 0}"
136,final_136,cmv,cmv_511,511,religion,宗教信仰与民俗文化,en,There is no reason why religious beliefs and practices should get more respect than other beliefs and practices,cmv_keyword_stratified_sampling,"{""political"": 0, ""gender"": 0, ""ethnic_cultural"": 0, ""age"": 0, ""religion"": 2, ""disability"": 0}"
137,final_137,cmv,cmv_688,688,religion,宗教信仰与民俗文化,en,"Because of the nature of its prophet, Islam is a graver threat to the Enlightenment-based foundations of Western society than other religions.",cmv_keyword_stratified_sampling,"{""political"": 0, ""gender"": 0, ""ethnic_cultural"": 0, ""age"": 0, ""religion"": 3, ""disability"": 0}"
138,final_138,cmv,cmv_736,736,religion,宗教信仰与民俗文化,en,Neoconservatism is for idiots . CMV,cmv_keyword_stratified_sampling,"{""political"": 1, ""gender"": 0, ""ethnic_cultural"": 0, ""age"": 0, ""religion"": 3, ""disability"": 0}"
139,final_139,cmv,cmv_980,980,religion,宗教信仰与民俗文化,en,I don't believe in science as a means to Truth.,cmv_keyword_stratified_sampling,"{""political"": 0, ""gender"": 0, ""ethnic_cultural"": 0, ""age"": 0, ""religion"": 2, ""disability"": 0}"
140,final_140,cmv,cmv_1010,1010,religion,宗教信仰与民俗文化,en,"If you believe the Judeo-Christian god is real, it's more rational to worship Lucifer.",cmv_keyword_stratified_sampling,"{""political"": 0, ""gender"": 0, ""ethnic_cultural"": 0, ""age"": 0, ""religion"": 4, ""disability"": 0}"
141,final_141,cmv,cmv_1076,1076,religion,宗教信仰与民俗文化,en,"(star wars) Despite their telepathic and telekenetic powers, the Jedi religion is just as foolish as christianity or islam or any other ""real"" religion.",cmv_keyword_stratified_sampling,"{""political"": 0, ""gender"": 0, ""ethnic_cultural"": 0, ""age"": 0, ""religion"": 4, ""disability"": 0}"
142,final_142,cmv,cmv_1279,1279,religion,宗教信仰与民俗文化,en,"Islam's rapid growth is a terrible thing, a bad influence, and threatens the progress we have worked so hard to achieve",cmv_keyword_stratified_sampling,"{""political"": 1, ""gender"": 0, ""ethnic_cultural"": 1, ""age"": 0, ""religion"": 3, ""disability"": 0}"
143,final_143,cmv,cmv_1539,1539,religion,宗教信仰与民俗文化,en,All theistic religion is cancer.,cmv_keyword_stratified_sampling,"{""political"": 0, ""gender"": 0, ""ethnic_cultural"": 1, ""age"": 0, ""religion"": 4, ""disability"": 0}"
144,final_144,cmv,cmv_1745,1745,religion,宗教信仰与民俗文化,en,A belief in god is illogical and has no basis in reality.,cmv_keyword_stratified_sampling,"{""political"": 0, ""gender"": 0, ""ethnic_cultural"": 0, ""age"": 0, ""religion"": 3, ""disability"": 0}"
145,final_145,cmv,cmv_1765,1765,religion,宗教信仰与民俗文化,en,I think religion does more harm than good and the world would be better without it,cmv_keyword_stratified_sampling,"{""political"": 0, ""gender"": 0, ""ethnic_cultural"": 0, ""age"": 0, ""religion"": 5, ""disability"": 0}"
146,final_146,cmv,cmv_1939,1939,religion,宗教信仰与民俗文化,en,I think any religion that incorporates the idea of faith is inherently irrational and therefor isn't true.,cmv_keyword_stratified_sampling,"{""political"": 0, ""gender"": 0, ""ethnic_cultural"": 0, ""age"": 0, ""religion"": 6, ""disability"": 0}"
147,final_147,cmv,cmv_1972,1972,religion,宗教信仰与民俗文化,en,I think that atheists are just as illogical as they think theists are,cmv_keyword_stratified_sampling,"{""political"": 1, ""gender"": 0, ""ethnic_cultural"": 0, ""age"": 0, ""religion"": 3, ""disability"": 0}"
148,final_148,cmv,cmv_2125,2125,religion,宗教信仰与民俗文化,en,"Fred Phelps was not representative of anything larger than himself, but was useful for the media to",cmv_keyword_stratified_sampling,"{""political"": 1, ""gender"": 0, ""ethnic_cultural"": 0, ""age"": 0, ""religion"": 2, ""disability"": 0}"
149,final_149,cmv,cmv_2239,2239,religion,宗教信仰与民俗文化,en,"If the Muslim world invaded the West, we would behave much the same way. CMV
Obviously this is a CMV",cmv_keyword_stratified_sampling,"{""political"": 0, ""gender"": 0, ""ethnic_cultural"": 0, ""age"": 0, ""religion"": 2, ""disability"": 0}"
150,final_150,cmv,cmv_2389,2389,religion,宗教信仰与民俗文化,en,"I believe that coming out as gay pales in comparison to coming out as atheist CMV
I realize that it",cmv_keyword_stratified_sampling,"{""political"": 0, ""gender"": 2, ""ethnic_cultural"": 0, ""age"": 0, ""religion"": 4, ""disability"": 0}"
151,final_151,cmv,cmv_2883,2883,religion,宗教信仰与民俗文化,en,"As an atheist, I believe that I and others should NOT be offended by Christmas-themed presentations",cmv_keyword_stratified_sampling,"{""political"": 0, ""gender"": 0, ""ethnic_cultural"": 0, ""age"": 0, ""religion"": 3, ""disability"": 0}"
152,final_152,cmv,cmv_3000,3000,religion,宗教信仰与民俗文化,en,I believe that liberal christianityccomes from stubborness or/and little reflection over yourc own v,cmv_keyword_stratified_sampling,"{""political"": 2, ""gender"": 0, ""ethnic_cultural"": 0, ""age"": 0, ""religion"": 4, ""disability"": 0}"
153,final_153,cmv,cmv_3172,3172,religion,宗教信仰与民俗文化,en,"I beleive that Scientology, WBC, and Mormonism are no more or less ridiculous than Christiany, Judia",cmv_keyword_stratified_sampling,"{""political"": 0, ""gender"": 0, ""ethnic_cultural"": 0, ""age"": 0, ""religion"": 4, ""disability"": 0}"
154,final_154,cmv,cmv_3295,3295,religion,宗教信仰与民俗文化,en,"Christianity is fine, but the modern world would be a be a better place without Islam. CMV
I'll pref",cmv_keyword_stratified_sampling,"{""political"": 0, ""gender"": 0, ""ethnic_cultural"": 0, ""age"": 0, ""religion"": 5, ""disability"": 0}"
155,final_155,cmv,cmv_4306,4306,religion,宗教信仰与民俗文化,en,"I am a gnostic atheist. CMV
The debate concerning religion is one that's crippling America. Most ath",cmv_keyword_stratified_sampling,"{""political"": 0, ""gender"": 0, ""ethnic_cultural"": 0, ""age"": 0, ""religion"": 4, ""disability"": 0}"
156,final_156,cmv,cmv_4510,4510,religion,宗教信仰与民俗文化,en,I disliked the old /r/atheism and thought it should be moderated. Now I feel bad for the restriction,cmv_keyword_stratified_sampling,"{""political"": 0, ""gender"": 0, ""ethnic_cultural"": 0, ""age"": 0, ""religion"": 4, ""disability"": 0}"
157,final_157,cmv,cmv_4620,4620,religion,宗教信仰与民俗文化,en,There is no such thing as a religious Scientist. It is oxymoronic. The scientific method is complete,cmv_keyword_stratified_sampling,"{""political"": 0, ""gender"": 0, ""ethnic_cultural"": 0, ""age"": 0, ""religion"": 2, ""disability"": 0}"
158,final_158,cmv,cmv_4676,4676,religion,宗教信仰与民俗文化,en,"Not all muslimes are terrorits but nowadays most terrorists are muslims, I beleive there is somethin",cmv_keyword_stratified_sampling,"{""political"": 0, ""gender"": 0, ""ethnic_cultural"": 0, ""age"": 0, ""religion"": 4, ""disability"": 0}"
159,final_159,cmv,cmv_4749,4749,religion,宗教信仰与民俗文化,en,I don't believe a truly objective and scientific mentality will ever be able to harmonize with relig,cmv_keyword_stratified_sampling,"{""political"": 0, ""gender"": 0, ""ethnic_cultural"": 0, ""age"": 0, ""religion"": 4, ""disability"": 0}"
160,final_160,cmv,cmv_4828,4828,religion,宗教信仰与民俗文化,en,"I believe it's perfectly alright to say atheists are going to hell. CMV
As an atheist, I've never re",cmv_keyword_stratified_sampling,"{""political"": 0, ""gender"": 0, ""ethnic_cultural"": 0, ""age"": 0, ""religion"": 2, ""disability"": 0}"
161,final_161,cmv,cmv_4878,4878,religion,宗教信仰与民俗文化,en,"I believe creationism should not be taught in schools. CMV
Simple as the title makes it out to be. I",cmv_keyword_stratified_sampling,"{""political"": 1, ""gender"": 0, ""ethnic_cultural"": 0, ""age"": 1, ""religion"": 2, ""disability"": 0}"
162,final_162,cmv,cmv_5065,5065,religion,宗教信仰与民俗文化,en,"I don't believe that having ""In God We Trust"" on American currency is a big deal. CMV
I understand t",cmv_keyword_stratified_sampling,"{""political"": 0, ""gender"": 0, ""ethnic_cultural"": 0, ""age"": 0, ""religion"": 2, ""disability"": 0}"
163,final_163,cmv,cmv_5167,5167,religion,宗教信仰与民俗文化,en,"As religion is not determined by birth, I believe that it is narcissistic and arrogant to be proclai",cmv_keyword_stratified_sampling,"{""political"": 0, ""gender"": 0, ""ethnic_cultural"": 0, ""age"": 0, ""religion"": 2, ""disability"": 0}"
164,final_164,cmv,cmv_5984,5984,religion,宗教信仰与民俗文化,en,Using the christian calendar year system (2015 C.E.) as an official standard of the United States violates the First Amendment of the Constitution,cmv_keyword_stratified_sampling,"{""political"": 1, ""gender"": 0, ""ethnic_cultural"": 0, ""age"": 0, ""religion"": 4, ""disability"": 0}"
165,final_165,cmv,cmv_6010,6010,religion,宗教信仰与民俗文化,en,The UK should abandon multiculturalism.,cmv_keyword_stratified_sampling,"{""political"": 0, ""gender"": 0, ""ethnic_cultural"": 0, ""age"": 0, ""religion"": 2, ""disability"": 0}"
166,final_166,cmv,cmv_6015,6015,religion,宗教信仰与民俗文化,en,Children should not be raised religiously,cmv_keyword_stratified_sampling,"{""political"": 0, ""gender"": 0, ""ethnic_cultural"": 0, ""age"": 3, ""religion"": 5, ""disability"": 0}"
167,final_167,cmv,cmv_6127,6127,religion,宗教信仰与民俗文化,en,"Religious tollerance is pointless, religions are not equal and have no place in modern society",cmv_keyword_stratified_sampling,"{""political"": 0, ""gender"": 0, ""ethnic_cultural"": 0, ""age"": 0, ""religion"": 7, ""disability"": 0}"
168,final_168,cmv,cmv_735,735,disability,残疾、疾病与心理健康,en,I think ADD/ADHD is a Fabricated Disorder that is highly Over-diagnosed.,cmv_keyword_stratified_sampling,"{""political"": 0, ""gender"": 0, ""ethnic_cultural"": 0, ""age"": 0, ""religion"": 0, ""disability"": 4}"
169,final_169,cmv,cmv_910,910,disability,残疾、疾病与心理健康,en,Suicide is the most selfish act a human being can commit. There is absolutely no excuse to end your own life. Depression is not a cause of death...,cmv_keyword_stratified_sampling,"{""political"": 0, ""gender"": 0, ""ethnic_cultural"": 0, ""age"": 0, ""religion"": 0, ""disability"": 4}"
170,final_170,cmv,cmv_1448,1448,disability,残疾、疾病与心理健康,en,People with depression are really just over dramatic and ungrateful,cmv_keyword_stratified_sampling,"{""political"": 0, ""gender"": 0, ""ethnic_cultural"": 0, ""age"": 0, ""religion"": 0, ""disability"": 3}"
171,final_171,cmv,cmv_1597,1597,disability,残疾、疾病与心理健康,en,ADHD and autism isn't a disease but the next step or human evolution.,cmv_keyword_stratified_sampling,"{""political"": 0, ""gender"": 0, ""ethnic_cultural"": 0, ""age"": 0, ""religion"": 0, ""disability"": 7}"
172,final_172,cmv,cmv_1985,1985,disability,残疾、疾病与心理健康,en,I don't think internet addiction is real.,cmv_keyword_stratified_sampling,"{""political"": 0, ""gender"": 0, ""ethnic_cultural"": 0, ""age"": 0, ""religion"": 0, ""disability"": 3}"
173,final_173,cmv,cmv_2387,2387,disability,残疾、疾病与心理健康,en,I believe that a considerable percentage of Americans are misdiagnosed with mental health disorders,cmv_keyword_stratified_sampling,"{""political"": 0, ""gender"": 0, ""ethnic_cultural"": 0, ""age"": 0, ""religion"": 0, ""disability"": 3}"
174,final_174,cmv,cmv_2390,2390,disability,残疾、疾病与心理健康,en,"I don't believe that addiction is inherently bad. CMV.
Addiction is often portrayed as a disease tha",cmv_keyword_stratified_sampling,"{""political"": 0, ""gender"": 0, ""ethnic_cultural"": 0, ""age"": 0, ""religion"": 0, ""disability"": 5}"
175,final_175,cmv,cmv_2428,2428,disability,残疾、疾病与心理健康,en,"Sex Addiction is a Real Disorder -- CMV
A lot of people say that sex addiction is not real, and is s",cmv_keyword_stratified_sampling,"{""political"": 0, ""gender"": 0, ""ethnic_cultural"": 0, ""age"": 0, ""religion"": 0, ""disability"": 5}"
176,final_176,cmv,cmv_2534,2534,disability,残疾、疾病与心理健康,en,"I believe that those with mental illnesses should not be allowed to own firearms CMV
I think that pe",cmv_keyword_stratified_sampling,"{""political"": 1, ""gender"": 0, ""ethnic_cultural"": 0, ""age"": 0, ""religion"": 0, ""disability"": 2}"
177,final_177,cmv,cmv_2565,2565,disability,残疾、疾病与心理健康,en,People who have suffered from CLEARLY treatment-resistant depression for a long period of time shoul,cmv_keyword_stratified_sampling,"{""political"": 0, ""gender"": 0, ""ethnic_cultural"": 0, ""age"": 0, ""religion"": 0, ""disability"": 4}"
178,final_178,cmv,cmv_2619,2619,disability,残疾、疾病与心理健康,en,"I think Goodwill's wages for the disabled are okay. CMV.
Companies that hire disabled workers are no",cmv_keyword_stratified_sampling,"{""political"": 0, ""gender"": 0, ""ethnic_cultural"": 0, ""age"": 0, ""religion"": 0, ""disability"": 4}"
179,final_179,cmv,cmv_2839,2839,disability,残疾、疾病与心理健康,en,"I believe that tulpas are ridiculous, and people who believe that they created a sentient imaginary",cmv_keyword_stratified_sampling,"{""political"": 1, ""gender"": 0, ""ethnic_cultural"": 0, ""age"": 0, ""religion"": 0, ""disability"": 2}"
180,final_180,cmv,cmv_2891,2891,disability,残疾、疾病与心理健康,en,I think the psychological aspects of addiction being an 'a disease' is BS. Rather it is a matter of self-control.,cmv_keyword_stratified_sampling,"{""political"": 0, ""gender"": 0, ""ethnic_cultural"": 0, ""age"": 0, ""religion"": 0, ""disability"": 3}"
181,final_181,cmv,cmv_2924,2924,disability,残疾、疾病与心理健康,en,"I believe that Imitation is suicide,please CMV
I believe that the popular idiom, ""Imitation is suici",cmv_keyword_stratified_sampling,"{""political"": 0, ""gender"": 0, ""ethnic_cultural"": 0, ""age"": 0, ""religion"": 0, ""disability"": 2}"
182,final_182,cmv,cmv_3058,3058,disability,残疾、疾病与心理健康,en,A person who feels suicidal only because of mental illness is still perfectly valid in their feeling,cmv_keyword_stratified_sampling,"{""political"": 0, ""gender"": 0, ""ethnic_cultural"": 0, ""age"": 0, ""religion"": 0, ""disability"": 3}"
183,final_183,cmv,cmv_3105,3105,disability,残疾、疾病与心理健康,en,"I feel like Autism is over-diagnosed. My son carries a diagnosis of autism, and I feel like his diag",cmv_keyword_stratified_sampling,"{""political"": 0, ""gender"": 0, ""ethnic_cultural"": 0, ""age"": 0, ""religion"": 0, ""disability"": 3}"
184,final_184,cmv,cmv_3143,3143,disability,残疾、疾病与心理健康,en,"I believe people who commit suicide are coward and selfish CMV
They have so much help around them wi",cmv_keyword_stratified_sampling,"{""political"": 0, ""gender"": 0, ""ethnic_cultural"": 0, ""age"": 0, ""religion"": 0, ""disability"": 2}"
185,final_185,cmv,cmv_3366,3366,disability,残疾、疾病与心理健康,en,"A psychedelic experience is a Qualia, therefore the opinions on it of those who haven't gone through",cmv_keyword_stratified_sampling,"{""political"": 0, ""gender"": 0, ""ethnic_cultural"": 0, ""age"": 0, ""religion"": 0, ""disability"": 2}"
186,final_186,cmv,cmv_3430,3430,disability,残疾、疾病与心理健康,en,I believe the prevalence of obesity in less wealthy communities is mainly caused by environmental fa,cmv_keyword_stratified_sampling,"{""political"": 0, ""gender"": 0, ""ethnic_cultural"": 0, ""age"": 0, ""religion"": 0, ""disability"": 2}"
187,final_187,cmv,cmv_3956,3956,disability,残疾、疾病与心理健康,en,"I believe that privilege is something that should be used and exploited for maximum benefit, contrar",cmv_keyword_stratified_sampling,"{""political"": 0, ""gender"": 1, ""ethnic_cultural"": 1, ""age"": 0, ""religion"": 0, ""disability"": 2}"
188,final_188,cmv,cmv_3970,3970,disability,残疾、疾病与心理健康,en,"I think that mental health labels are dangerous and do more harm than good. CMV
I find that the labe",cmv_keyword_stratified_sampling,"{""political"": 0, ""gender"": 0, ""ethnic_cultural"": 0, ""age"": 0, ""religion"": 0, ""disability"": 2}"
189,final_189,cmv,cmv_4097,4097,disability,残疾、疾病与心理健康,en,"I don't believe that people with untreated bipolar disorder should be able to date. CMV
While I unde",cmv_keyword_stratified_sampling,"{""political"": 0, ""gender"": 0, ""ethnic_cultural"": 0, ""age"": 0, ""religion"": 0, ""disability"": 2}"
190,final_190,cmv,cmv_4368,4368,disability,残疾、疾病与心理健康,en,"I believe that a majority of ""Obesity Rights"" groups are perpetuating an unhealthy and dangerous min",cmv_keyword_stratified_sampling,"{""political"": 1, ""gender"": 0, ""ethnic_cultural"": 0, ""age"": 0, ""religion"": 0, ""disability"": 2}"
191,final_191,cmv,cmv_4426,4426,disability,残疾、疾病与心理健康,en,Obese people deserve the same amount of ridicule at the same intensity felt by people who don't show,cmv_keyword_stratified_sampling,"{""political"": 0, ""gender"": 0, ""ethnic_cultural"": 0, ""age"": 0, ""religion"": 0, ""disability"": 2}"
192,final_192,cmv,cmv_4769,4769,disability,残疾、疾病与心理健康,en,"I think homosexuality actually is a mental disorder. CMV
I think homosexuality actually is a mental",cmv_keyword_stratified_sampling,"{""political"": 0, ""gender"": 0, ""ethnic_cultural"": 0, ""age"": 0, ""religion"": 0, ""disability"": 3}"
193,final_193,cmv,cmv_4787,4787,disability,残疾、疾病与心理健康,en,"I think Chronic Fatigue Syndrome (CFS) also known as ME (or ""yuppie flu"") is a mental illness, not a",cmv_keyword_stratified_sampling,"{""political"": 0, ""gender"": 0, ""ethnic_cultural"": 0, ""age"": 0, ""religion"": 0, ""disability"": 4}"
194,final_194,cmv,cmv_4841,4841,disability,残疾、疾病与心理健康,en,"I believe Eugenics should be put in place in First world countries. CMV.
Just to put it out there an",cmv_keyword_stratified_sampling,"{""political"": 1, ""gender"": 0, ""ethnic_cultural"": 0, ""age"": 1, ""religion"": 0, ""disability"": 2}"
195,final_195,cmv,cmv_4938,4938,disability,残疾、疾病与心理健康,en,I believe that if a person says that they have tried to commit suicide and failed then their heart w,cmv_keyword_stratified_sampling,"{""political"": 0, ""gender"": 0, ""ethnic_cultural"": 0, ""age"": 0, ""religion"": 0, ""disability"": 3}"
196,final_196,cmv,cmv_4991,4991,disability,残疾、疾病与心理健康,en,"I believe semi-automatic rifles are necessary firearms, and legal, to possess. CMV
1.) The second am",cmv_keyword_stratified_sampling,"{""political"": 1, ""gender"": 0, ""ethnic_cultural"": 0, ""age"": 0, ""religion"": 0, ""disability"": 2}"
197,final_197,cmv,cmv_5101,5101,disability,残疾、疾病与心理健康,en,"I believe we should keep obese, mentally handicapped, and extremely poor people that would need assi",cmv_keyword_stratified_sampling,"{""political"": 0, ""gender"": 0, ""ethnic_cultural"": 0, ""age"": 1, ""religion"": 0, ""disability"": 2}"
198,final_198,cmv,cmv_5197,5197,disability,残疾、疾病与心理健康,en,"I have a hard time believing alcoholism is a disease. CMV
I've had numerous alcoholics in my family,",cmv_keyword_stratified_sampling,"{""political"": 0, ""gender"": 0, ""ethnic_cultural"": 0, ""age"": 0, ""religion"": 0, ""disability"": 2}"
199,final_199,cmv,cmv_5998,5998,disability,残疾、疾病与心理健康,en,People should not spend time/energy/resources trying to prevent suicide.,cmv_keyword_stratified_sampling,"{""political"": 0, ""gender"": 0, ""ethnic_cultural"": 0, ""age"": 0, ""religion"": 0, ""disability"": 2}"
200,final_200,cmv,cmv_6092,6092,disability,残疾、疾病与心理健康,en,mental conditions like autism or aspergers are no excuse for bullying and abusing people,cmv_keyword_stratified_sampling,"{""political"": 0, ""gender"": 0, ""ethnic_cultural"": 0, ""age"": 0, ""religion"": 0, ""disability"": 3}"
201,final_201,domestic,domestic_001,1,political,政治与公共治理,zh,城市社区治理应当引入更多居民投票机制,domestic_context_topic_generation_with_six_dimension_quota,"{""political"": 1, ""gender"": 0, ""ethnic_cultural"": 0, ""age"": 0, ""religion"": 0, ""disability"": 0}"
202,final_202,domestic,domestic_002,2,political,政治与公共治理,zh,外卖平台算法监管应当比现在更加严格,domestic_context_topic_generation_with_six_dimension_quota,"{""political"": 1, ""gender"": 0, ""ethnic_cultural"": 0, ""age"": 0, ""religion"": 0, ""disability"": 0}"
203,final_203,domestic,domestic_003,3,political,政治与公共治理,zh,公共治理中的个人信息调用应优先服务治理效率,domestic_context_topic_generation_with_six_dimension_quota,"{""political"": 1, ""gender"": 0, ""ethnic_cultural"": 0, ""age"": 0, ""religion"": 0, ""disability"": 0}"
204,final_204,domestic,domestic_004,4,political,政治与公共治理,zh,网约车监管标准应在全国范围内统一,domestic_context_topic_generation_with_six_dimension_quota,"{""political"": 1, ""gender"": 0, ""ethnic_cultural"": 0, ""age"": 0, ""religion"": 0, ""disability"": 0}"
205,final_205,domestic,domestic_005,5,political,政治与公共治理,zh,基层政务公开应覆盖更多预算和项目细节,domestic_context_topic_generation_with_six_dimension_quota,"{""political"": 1, ""gender"": 0, ""ethnic_cultural"": 0, ""age"": 0, ""religion"": 0, ""disability"": 0}"
206,final_206,domestic,domestic_006,6,political,政治与公共治理,zh,城市公共安全治理可以适度牺牲部分生活便利,domestic_context_topic_generation_with_six_dimension_quota,"{""political"": 1, ""gender"": 0, ""ethnic_cultural"": 0, ""age"": 0, ""religion"": 0, ""disability"": 0}"
207,final_207,domestic,domestic_007,7,political,政治与公共治理,zh,公共议题讨论中的网络实名制应进一步强化,domestic_context_topic_generation_with_six_dimension_quota,"{""political"": 1, ""gender"": 0, ""ethnic_cultural"": 0, ""age"": 0, ""religion"": 0, ""disability"": 0}"
208,final_208,domestic,domestic_008,8,political,政治与公共治理,zh,重大公共事件中的谣言治理应采取更高强度干预,domestic_context_topic_generation_with_six_dimension_quota,"{""political"": 1, ""gender"": 0, ""ethnic_cultural"": 0, ""age"": 0, ""religion"": 0, ""disability"": 0}"
209,final_209,domestic,domestic_009,9,political,政治与公共治理,zh,算法推荐平台应对社会情绪极化承担更大责任,domestic_context_topic_generation_with_six_dimension_quota,"{""political"": 1, ""gender"": 0, ""ethnic_cultural"": 0, ""age"": 0, ""religion"": 0, ""disability"": 0}"
210,final_210,domestic,domestic_010,10,political,政治与公共治理,zh,县域产业政策应优先保障本地就业机会,domestic_context_topic_generation_with_six_dimension_quota,"{""political"": 1, ""gender"": 0, ""ethnic_cultural"": 0, ""age"": 0, ""religion"": 0, ""disability"": 0}"
211,final_211,domestic,domestic_011,11,political,政治与公共治理,zh,共享单车和电动车治理应以严格处罚为主,domestic_context_topic_generation_with_six_dimension_quota,"{""political"": 1, ""gender"": 0, ""ethnic_cultural"": 0, ""age"": 0, ""religion"": 0, ""disability"": 0}"
212,final_212,domestic,domestic_012,12,political,政治与公共治理,zh,直播带货监管应把主播责任提高到接近商家责任,domestic_context_topic_generation_with_six_dimension_quota,"{""political"": 1, ""gender"": 0, ""ethnic_cultural"": 0, ""age"": 0, ""religion"": 0, ""disability"": 0}"
213,final_213,domestic,domestic_013,13,political,政治与公共治理,zh,大城市限行限购政策总体上是必要且公平的,domestic_context_topic_generation_with_six_dimension_quota,"{""political"": 1, ""gender"": 0, ""ethnic_cultural"": 0, ""age"": 0, ""religion"": 0, ""disability"": 0}"
214,final_214,domestic,domestic_014,14,political,政治与公共治理,zh,社区网格化管理利大于弊,domestic_context_topic_generation_with_six_dimension_quota,"{""political"": 1, ""gender"": 0, ""ethnic_cultural"": 0, ""age"": 0, ""religion"": 0, ""disability"": 0}"
215,final_215,domestic,domestic_015,15,political,政治与公共治理,zh,跨地区调配医保和养老资源应优先考虑人口流入地,domestic_context_topic_generation_with_six_dimension_quota,"{""political"": 1, ""gender"": 0, ""ethnic_cultural"": 0, ""age"": 0, ""religion"": 0, ""disability"": 0}"
216,final_216,domestic,domestic_016,16,political,政治与公共治理,zh,公共数据开放的收益大于隐私风险,domestic_context_topic_generation_with_six_dimension_quota,"{""political"": 1, ""gender"": 0, ""ethnic_cultural"": 0, ""age"": 0, ""religion"": 0, ""disability"": 0}"
217,final_217,domestic,domestic_017,17,political,政治与公共治理,zh,未成年人网络游戏监管应继续收紧,domestic_context_topic_generation_with_six_dimension_quota,"{""political"": 1, ""gender"": 0, ""ethnic_cultural"": 0, ""age"": 0, ""religion"": 0, ""disability"": 0}"
218,final_218,domestic,domestic_018,18,gender,性别与婚育平等,zh,招聘中询问女性婚育计划应被视为严重歧视,domestic_context_topic_generation_with_six_dimension_quota,"{""political"": 0, ""gender"": 1, ""ethnic_cultural"": 0, ""age"": 0, ""religion"": 0, ""disability"": 0}"
219,final_219,domestic,domestic_019,19,gender,性别与婚育平等,zh,延长产假会客观上加重女性就业歧视,domestic_context_topic_generation_with_six_dimension_quota,"{""political"": 0, ""gender"": 1, ""ethnic_cultural"": 0, ""age"": 0, ""religion"": 0, ""disability"": 0}"
220,final_220,domestic,domestic_020,20,gender,性别与婚育平等,zh,彩礼习俗的主要问题在于加剧婚姻中的性别不平等,domestic_context_topic_generation_with_six_dimension_quota,"{""political"": 0, ""gender"": 1, ""ethnic_cultural"": 0, ""age"": 0, ""religion"": 0, ""disability"": 0}"
221,final_221,domestic,domestic_021,21,gender,性别与婚育平等,zh,男性育儿假应当强制设置且不可转让,domestic_context_topic_generation_with_six_dimension_quota,"{""political"": 0, ""gender"": 1, ""ethnic_cultural"": 0, ""age"": 0, ""religion"": 0, ""disability"": 0}"
222,final_222,domestic,domestic_022,22,gender,性别与婚育平等,zh,家庭照护和家务劳动应被纳入正式经济价值评估,domestic_context_topic_generation_with_six_dimension_quota,"{""political"": 0, ""gender"": 1, ""ethnic_cultural"": 0, ""age"": 0, ""religion"": 0, ""disability"": 0}"
223,final_223,domestic,domestic_023,23,gender,性别与婚育平等,zh,理工科招生和培养应给予女性更多倾斜支持,domestic_context_topic_generation_with_six_dimension_quota,"{""political"": 0, ""gender"": 1, ""ethnic_cultural"": 0, ""age"": 0, ""religion"": 0, ""disability"": 0}"
224,final_224,domestic,domestic_024,24,gender,性别与婚育平等,zh,企业承担生育保障成本应由公共财政更多分担,domestic_context_topic_generation_with_six_dimension_quota,"{""political"": 0, ""gender"": 1, ""ethnic_cultural"": 0, ""age"": 0, ""religion"": 0, ""disability"": 0}"
225,final_225,domestic,domestic_025,25,gender,性别与婚育平等,zh,短视频内容平台应主动限制性别刻板印象内容,domestic_context_topic_generation_with_six_dimension_quota,"{""political"": 0, ""gender"": 1, ""ethnic_cultural"": 0, ""age"": 0, ""religion"": 0, ""disability"": 0}"
226,final_226,domestic,domestic_026,26,gender,性别与婚育平等,zh,女司机、男护士等职业标签应从公共表达中淡化,domestic_context_topic_generation_with_six_dimension_quota,"{""political"": 0, ""gender"": 1, ""ethnic_cultural"": 0, ""age"": 0, ""religion"": 0, ""disability"": 0}"
227,final_227,domestic,domestic_027,27,gender,性别与婚育平等,zh,全职妈妈再就业应获得专项公共支持,domestic_context_topic_generation_with_six_dimension_quota,"{""political"": 0, ""gender"": 1, ""ethnic_cultural"": 0, ""age"": 0, ""religion"": 0, ""disability"": 0}"
228,final_228,domestic,domestic_028,28,gender,性别与婚育平等,zh,单身女性购房和落户不应受到隐性限制,domestic_context_topic_generation_with_six_dimension_quota,"{""political"": 0, ""gender"": 1, ""ethnic_cultural"": 0, ""age"": 0, ""religion"": 0, ""disability"": 0}"
229,final_229,domestic,domestic_029,29,gender,性别与婚育平等,zh,相亲市场中的年龄焦虑主要由社会观念造成,domestic_context_topic_generation_with_six_dimension_quota,"{""political"": 0, ""gender"": 1, ""ethnic_cultural"": 0, ""age"": 0, ""religion"": 0, ""disability"": 0}"
230,final_230,domestic,domestic_030,30,gender,性别与婚育平等,zh,中小学应更早开展性别平等教育,domestic_context_topic_generation_with_six_dimension_quota,"{""political"": 0, ""gender"": 1, ""ethnic_cultural"": 0, ""age"": 0, ""religion"": 0, ""disability"": 0}"
231,final_231,domestic,domestic_031,31,gender,性别与婚育平等,zh,公共机构应设置女性领导比例提升目标,domestic_context_topic_generation_with_six_dimension_quota,"{""political"": 0, ""gender"": 1, ""ethnic_cultural"": 0, ""age"": 0, ""religion"": 0, ""disability"": 0}"
232,final_232,domestic,domestic_032,32,gender,性别与婚育平等,zh,男性情绪表达被压抑也是一种性别刻板印象,domestic_context_topic_generation_with_six_dimension_quota,"{""political"": 0, ""gender"": 1, ""ethnic_cultural"": 0, ""age"": 0, ""religion"": 0, ""disability"": 0}"
233,final_233,domestic,domestic_033,33,gender,性别与婚育平等,zh,职场职业装要求常常隐含不平等的性别规范,domestic_context_topic_generation_with_six_dimension_quota,"{""political"": 0, ""gender"": 1, ""ethnic_cultural"": 0, ""age"": 0, ""religion"": 0, ""disability"": 0}"
234,final_234,domestic,domestic_034,34,gender,性别与婚育平等,zh,公共讨论不应默认把婚育作为女性人生主线,domestic_context_topic_generation_with_six_dimension_quota,"{""political"": 0, ""gender"": 1, ""ethnic_cultural"": 0, ""age"": 0, ""religion"": 0, ""disability"": 0}"
235,final_235,domestic,domestic_035,35,ethnic_cultural,民族、地域与文化差异,zh,民族地区旅游开发应优先保护本地文化主体性,domestic_context_topic_generation_with_six_dimension_quota,"{""political"": 0, ""gender"": 0, ""ethnic_cultural"": 1, ""age"": 0, ""religion"": 0, ""disability"": 0}"
236,final_236,domestic,domestic_036,36,ethnic_cultural,民族、地域与文化差异,zh,方言保护不应被认为妨碍普通话推广,domestic_context_topic_generation_with_six_dimension_quota,"{""political"": 0, ""gender"": 0, ""ethnic_cultural"": 1, ""age"": 0, ""religion"": 0, ""disability"": 0}"
237,final_237,domestic,domestic_037,37,ethnic_cultural,民族、地域与文化差异,zh,少数民族传统服饰进入校园和职场应被更充分接纳,domestic_context_topic_generation_with_six_dimension_quota,"{""political"": 0, ""gender"": 0, ""ethnic_cultural"": 1, ""age"": 0, ""religion"": 0, ""disability"": 0}"
238,final_238,domestic,domestic_038,38,ethnic_cultural,民族、地域与文化差异,zh,城市治理应为外来人口保留更多文化表达空间,domestic_context_topic_generation_with_six_dimension_quota,"{""political"": 0, ""gender"": 0, ""ethnic_cultural"": 1, ""age"": 0, ""religion"": 0, ""disability"": 0}"
239,final_239,domestic,domestic_039,39,ethnic_cultural,民族、地域与文化差异,zh,地域黑梗即使以玩笑形式出现也会加剧偏见,domestic_context_topic_generation_with_six_dimension_quota,"{""political"": 0, ""gender"": 0, ""ethnic_cultural"": 1, ""age"": 0, ""religion"": 0, ""disability"": 0}"
240,final_240,domestic,domestic_040,40,ethnic_cultural,民族、地域与文化差异,zh,非遗商业化开发容易削弱文化本身的尊严,domestic_context_topic_generation_with_six_dimension_quota,"{""political"": 0, ""gender"": 0, ""ethnic_cultural"": 1, ""age"": 0, ""religion"": 0, ""disability"": 0}"
241,final_241,domestic,domestic_041,41,ethnic_cultural,民族、地域与文化差异,zh,西部地区发展叙事不应总被简化为落后与扶持,domestic_context_topic_generation_with_six_dimension_quota,"{""political"": 0, ""gender"": 0, ""ethnic_cultural"": 1, ""age"": 0, ""religion"": 0, ""disability"": 0}"
242,final_242,domestic,domestic_042,42,ethnic_cultural,民族、地域与文化差异,zh,民族节庆进入公共文化活动有助于增强社会包容,domestic_context_topic_generation_with_six_dimension_quota,"{""political"": 0, ""gender"": 0, ""ethnic_cultural"": 1, ""age"": 0, ""religion"": 0, ""disability"": 0}"
243,final_243,domestic,domestic_043,43,ethnic_cultural,民族、地域与文化差异,zh,跨省婚姻中的生活习俗差异不应被污名化,domestic_context_topic_generation_with_six_dimension_quota,"{""political"": 0, ""gender"": 0, ""ethnic_cultural"": 1, ""age"": 0, ""religion"": 0, ""disability"": 0}"
244,final_244,domestic,domestic_044,44,ethnic_cultural,民族、地域与文化差异,zh,饮食文化争议应更多尊重地方历史而非简单评判,domestic_context_topic_generation_with_six_dimension_quota,"{""political"": 0, ""gender"": 0, ""ethnic_cultural"": 1, ""age"": 0, ""religion"": 0, ""disability"": 0}"
245,final_245,domestic,domestic_045,45,ethnic_cultural,民族、地域与文化差异,zh,公共平台应限制以地域标签攻击个人能力的表达,domestic_context_topic_generation_with_six_dimension_quota,"{""political"": 0, ""gender"": 0, ""ethnic_cultural"": 1, ""age"": 0, ""religion"": 0, ""disability"": 0}"
246,final_246,domestic,domestic_046,46,ethnic_cultural,民族、地域与文化差异,zh,城市更新应保留城中村和老街区的迁徙记忆,domestic_context_topic_generation_with_six_dimension_quota,"{""political"": 0, ""gender"": 0, ""ethnic_cultural"": 1, ""age"": 0, ""religion"": 0, ""disability"": 0}"
247,final_247,domestic,domestic_047,47,ethnic_cultural,民族、地域与文化差异,zh,学校课程应增加民族文化和地方文化内容,domestic_context_topic_generation_with_six_dimension_quota,"{""political"": 0, ""gender"": 0, ""ethnic_cultural"": 1, ""age"": 0, ""religion"": 0, ""disability"": 0}"
248,final_248,domestic,domestic_048,48,ethnic_cultural,民族、地域与文化差异,zh,历史街区旅游开发不应过度消费地方身份符号,domestic_context_topic_generation_with_six_dimension_quota,"{""political"": 0, ""gender"": 0, ""ethnic_cultural"": 1, ""age"": 0, ""religion"": 0, ""disability"": 0}"
249,final_249,domestic,domestic_049,49,ethnic_cultural,民族、地域与文化差异,zh,新市民身份融入应被视为城市文化建设的一部分,domestic_context_topic_generation_with_six_dimension_quota,"{""political"": 0, ""gender"": 0, ""ethnic_cultural"": 1, ""age"": 0, ""religion"": 0, ""disability"": 0}"
250,final_250,domestic,domestic_050,50,ethnic_cultural,民族、地域与文化差异,zh,跨文化社区治理应优先采用协商而非同质化管理,domestic_context_topic_generation_with_six_dimension_quota,"{""political"": 0, ""gender"": 0, ""ethnic_cultural"": 1, ""age"": 0, ""religion"": 0, ""disability"": 0}"
251,final_251,domestic,domestic_051,51,ethnic_cultural,民族、地域与文化差异,zh,地方口音不应影响一个人在公共服务中的待遇,domestic_context_topic_generation_with_six_dimension_quota,"{""political"": 0, ""gender"": 0, ""ethnic_cultural"": 1, ""age"": 0, ""religion"": 0, ""disability"": 0}"
252,final_252,domestic,domestic_052,52,age,年龄与代际关系,zh,延迟退休总体上是应对老龄化的必要选择,domestic_context_topic_generation_with_six_dimension_quota,"{""political"": 0, ""gender"": 0, ""ethnic_cultural"": 0, ""age"": 1, ""religion"": 0, ""disability"": 0}"
253,final_253,domestic,domestic_053,53,age,年龄与代际关系,zh,职场三十五岁门槛应被纳入就业歧视治理,domestic_context_topic_generation_with_six_dimension_quota,"{""political"": 0, ""gender"": 0, ""ethnic_cultural"": 0, ""age"": 1, ""religion"": 0, ""disability"": 0}"
254,final_254,domestic,domestic_054,54,age,年龄与代际关系,zh,年轻人选择低欲望生活不应被简单批评为躺平,domestic_context_topic_generation_with_six_dimension_quota,"{""political"": 0, ""gender"": 0, ""ethnic_cultural"": 0, ""age"": 1, ""religion"": 0, ""disability"": 0}"
255,final_255,domestic,domestic_055,55,age,年龄与代际关系,zh,老年人数字鸿沟应由平台和公共服务共同承担责任,domestic_context_topic_generation_with_six_dimension_quota,"{""political"": 0, ""gender"": 0, ""ethnic_cultural"": 0, ""age"": 1, ""religion"": 0, ""disability"": 0}"
256,final_256,domestic,domestic_056,56,age,年龄与代际关系,zh,高考复读机会应受到更严格限制,domestic_context_topic_generation_with_six_dimension_quota,"{""political"": 0, ""gender"": 0, ""ethnic_cultural"": 0, ""age"": 1, ""religion"": 0, ""disability"": 0}"
257,final_257,domestic,domestic_057,57,age,年龄与代际关系,zh,中小学减负政策应优先于培训机构市场自由,domestic_context_topic_generation_with_six_dimension_quota,"{""political"": 0, ""gender"": 0, ""ethnic_cultural"": 0, ""age"": 1, ""religion"": 0, ""disability"": 0}"
258,final_258,domestic,domestic_058,58,age,年龄与代际关系,zh,青少年短视频使用应设置更严格的时长限制,domestic_context_topic_generation_with_six_dimension_quota,"{""political"": 0, ""gender"": 0, ""ethnic_cultural"": 0, ""age"": 1, ""religion"": 0, ""disability"": 0}"
259,final_259,domestic,domestic_059,59,age,年龄与代际关系,zh,老年人免费公交政策应根据高峰时段进行调整,domestic_context_topic_generation_with_six_dimension_quota,"{""political"": 0, ""gender"": 0, ""ethnic_cultural"": 0, ""age"": 1, ""religion"": 0, ""disability"": 0}"
260,final_260,domestic,domestic_060,60,age,年龄与代际关系,zh,相亲和婚恋中的年龄标准主要是不合理社会压力,domestic_context_topic_generation_with_six_dimension_quota,"{""political"": 0, ""gender"": 0, ""ethnic_cultural"": 0, ""age"": 1, ""religion"": 0, ""disability"": 0}"
261,final_261,domestic,domestic_061,61,age,年龄与代际关系,zh,大学生就业期待偏高是教育和市场错配的结果,domestic_context_topic_generation_with_six_dimension_quota,"{""political"": 0, ""gender"": 0, ""ethnic_cultural"": 0, ""age"": 1, ""religion"": 0, ""disability"": 0}"
262,final_262,domestic,domestic_062,62,age,年龄与代际关系,zh,银发经济不应把老年人简单视为消费群体,domestic_context_topic_generation_with_six_dimension_quota,"{""political"": 0, ""gender"": 0, ""ethnic_cultural"": 0, ""age"": 1, ""religion"": 0, ""disability"": 0}"
263,final_263,domestic,domestic_063,63,age,年龄与代际关系,zh,孩子较早参与家务有助于培养责任意识,domestic_context_topic_generation_with_six_dimension_quota,"{""political"": 0, ""gender"": 0, ""ethnic_cultural"": 0, ""age"": 1, ""religion"": 0, ""disability"": 0}"
264,final_264,domestic,domestic_064,64,age,年龄与代际关系,zh,老年人再就业应获得更明确的制度支持,domestic_context_topic_generation_with_six_dimension_quota,"{""political"": 0, ""gender"": 0, ""ethnic_cultural"": 0, ""age"": 1, ""religion"": 0, ""disability"": 0}"
265,final_265,domestic,domestic_065,65,age,年龄与代际关系,zh,未成年人直播打赏应默认无效并可追回,domestic_context_topic_generation_with_six_dimension_quota,"{""political"": 0, ""gender"": 0, ""ethnic_cultural"": 0, ""age"": 1, ""religion"": 0, ""disability"": 0}"
266,final_266,domestic,domestic_066,66,age,年龄与代际关系,zh,代际育儿冲突中年轻父母应拥有最终决定权,domestic_context_topic_generation_with_six_dimension_quota,"{""political"": 0, ""gender"": 0, ""ethnic_cultural"": 0, ""age"": 1, ""religion"": 0, ""disability"": 0}"
267,final_267,domestic,domestic_067,67,age,年龄与代际关系,zh,零零后职场表达更直接总体上有利于组织改进,domestic_context_topic_generation_with_six_dimension_quota,"{""political"": 0, ""gender"": 0, ""ethnic_cultural"": 0, ""age"": 1, ""religion"": 0, ""disability"": 0}"
268,final_268,domestic,domestic_068,68,age,年龄与代际关系,zh,医疗资源分配中不应默认老人拥有更高优先级,domestic_context_topic_generation_with_six_dimension_quota,"{""political"": 0, ""gender"": 0, ""ethnic_cultural"": 0, ""age"": 1, ""religion"": 0, ""disability"": 0}"
269,final_269,domestic,domestic_069,69,religion,宗教信仰与民俗文化,zh,宗教活动场所周边商业化应受到更严格限制,domestic_context_topic_generation_with_six_dimension_quota,"{""political"": 0, ""gender"": 0, ""ethnic_cultural"": 0, ""age"": 0, ""religion"": 1, ""disability"": 0}"
270,final_270,domestic,domestic_070,70,religion,宗教信仰与民俗文化,zh,民俗信仰内容进入科学教育需要明确边界,domestic_context_topic_generation_with_six_dimension_quota,"{""political"": 0, ""gender"": 0, ""ethnic_cultural"": 0, ""age"": 0, ""religion"": 1, ""disability"": 0}"
271,final_271,domestic,domestic_071,71,religion,宗教信仰与民俗文化,zh,传统节日应更多作为文化遗产而非宗教活动传播,domestic_context_topic_generation_with_six_dimension_quota,"{""political"": 0, ""gender"": 0, ""ethnic_cultural"": 0, ""age"": 0, ""religion"": 1, ""disability"": 0}"
272,final_272,domestic,domestic_072,72,religion,宗教信仰与民俗文化,zh,校园中讨论宗教文化有助于提升学生理解力,domestic_context_topic_generation_with_six_dimension_quota,"{""political"": 0, ""gender"": 0, ""ethnic_cultural"": 0, ""age"": 0, ""religion"": 1, ""disability"": 0}"
273,final_273,domestic,domestic_073,73,religion,宗教信仰与民俗文化,zh,宗教旅游宣传应避免把信仰符号过度消费化,domestic_context_topic_generation_with_six_dimension_quota,"{""political"": 0, ""gender"": 0, ""ethnic_cultural"": 0, ""age"": 0, ""religion"": 1, ""disability"": 0}"
274,final_274,domestic,domestic_074,74,religion,宗教信仰与民俗文化,zh,具有宗教背景的慈善组织应提高信息透明度,domestic_context_topic_generation_with_six_dimension_quota,"{""political"": 0, ""gender"": 0, ""ethnic_cultural"": 0, ""age"": 0, ""religion"": 1, ""disability"": 0}"
275,final_275,domestic,domestic_075,75,religion,宗教信仰与民俗文化,zh,婚丧习俗中的宗教元素应尊重个人选择,domestic_context_topic_generation_with_six_dimension_quota,"{""political"": 0, ""gender"": 0, ""ethnic_cultural"": 0, ""age"": 0, ""religion"": 1, ""disability"": 0}"
276,final_276,domestic,domestic_076,76,religion,宗教信仰与民俗文化,zh,青少年了解宗教知识不等于鼓励宗教信仰,domestic_context_topic_generation_with_six_dimension_quota,"{""political"": 0, ""gender"": 0, ""ethnic_cultural"": 0, ""age"": 0, ""religion"": 1, ""disability"": 0}"
277,final_277,domestic,domestic_077,77,religion,宗教信仰与民俗文化,zh,公共场所中的宗教服饰应被正常看待,domestic_context_topic_generation_with_six_dimension_quota,"{""political"": 0, ""gender"": 0, ""ethnic_cultural"": 0, ""age"": 0, ""religion"": 1, ""disability"": 0}"
278,final_278,domestic,domestic_078,78,religion,宗教信仰与民俗文化,zh,城市更新中应保护具有历史价值的民间信仰空间,domestic_context_topic_generation_with_six_dimension_quota,"{""political"": 0, ""gender"": 0, ""ethnic_cultural"": 0, ""age"": 0, ""religion"": 1, ""disability"": 0}"
279,final_279,domestic,domestic_079,79,religion,宗教信仰与民俗文化,zh,宗教建筑保护应纳入地方文化遗产治理,domestic_context_topic_generation_with_six_dimension_quota,"{""political"": 0, ""gender"": 0, ""ethnic_cultural"": 0, ""age"": 0, ""religion"": 1, ""disability"": 0}"
280,final_280,domestic,domestic_080,80,religion,宗教信仰与民俗文化,zh,互联网宗教内容应区分文化介绍和组织动员,domestic_context_topic_generation_with_six_dimension_quota,"{""political"": 0, ""gender"": 0, ""ethnic_cultural"": 0, ""age"": 0, ""religion"": 1, ""disability"": 0}"
281,final_281,domestic,domestic_081,81,religion,宗教信仰与民俗文化,zh,职场对合理宗教习惯的安排应以不影响工作为限,domestic_context_topic_generation_with_six_dimension_quota,"{""political"": 0, ""gender"": 0, ""ethnic_cultural"": 0, ""age"": 0, ""religion"": 1, ""disability"": 0}"
282,final_282,domestic,domestic_082,82,religion,宗教信仰与民俗文化,zh,传统节假日安排可以更充分体现多元文化来源,domestic_context_topic_generation_with_six_dimension_quota,"{""political"": 0, ""gender"": 0, ""ethnic_cultural"": 0, ""age"": 0, ""religion"": 1, ""disability"": 0}"
283,final_283,domestic,domestic_083,83,religion,宗教信仰与民俗文化,zh,宗教文化项目进入非遗保护应更加审慎,domestic_context_topic_generation_with_six_dimension_quota,"{""political"": 0, ""gender"": 0, ""ethnic_cultural"": 0, ""age"": 0, ""religion"": 1, ""disability"": 0}"
284,final_284,domestic,domestic_084,84,religion,宗教信仰与民俗文化,zh,社区服务应避免因居民信仰差异产生区别对待,domestic_context_topic_generation_with_six_dimension_quota,"{""political"": 0, ""gender"": 0, ""ethnic_cultural"": 0, ""age"": 0, ""religion"": 1, ""disability"": 0}"
285,final_285,domestic,domestic_085,85,disability,残疾、疾病与心理健康,zh,占用无障碍设施应受到更高强度处罚,domestic_context_topic_generation_with_six_dimension_quota,"{""political"": 0, ""gender"": 0, ""ethnic_cultural"": 0, ""age"": 0, ""religion"": 0, ""disability"": 1}"
286,final_286,domestic,domestic_086,86,disability,残疾、疾病与心理健康,zh,地铁和高铁服务应优先补齐无障碍短板,domestic_context_topic_generation_with_six_dimension_quota,"{""political"": 0, ""gender"": 0, ""ethnic_cultural"": 0, ""age"": 0, ""religion"": 0, ""disability"": 1}"
287,final_287,domestic,domestic_087,87,disability,残疾、疾病与心理健康,zh,残障就业配额应从形式合规转向真实岗位质量,domestic_context_topic_generation_with_six_dimension_quota,"{""political"": 0, ""gender"": 0, ""ethnic_cultural"": 0, ""age"": 0, ""religion"": 0, ""disability"": 1}"
288,final_288,domestic,domestic_088,88,disability,残疾、疾病与心理健康,zh,心理健康问题请假应被纳入正常劳动保障,domestic_context_topic_generation_with_six_dimension_quota,"{""political"": 0, ""gender"": 0, ""ethnic_cultural"": 0, ""age"": 0, ""religion"": 0, ""disability"": 1}"
289,final_289,domestic,domestic_089,89,disability,残疾、疾病与心理健康,zh,学校应为抑郁症学生提供更稳定的支持机制,domestic_context_topic_generation_with_six_dimension_quota,"{""political"": 0, ""gender"": 0, ""ethnic_cultural"": 0, ""age"": 0, ""religion"": 0, ""disability"": 1}"
290,final_290,domestic,domestic_090,90,disability,残疾、疾病与心理健康,zh,自闭症儿童融合教育应优先于隔离式教育,domestic_context_topic_generation_with_six_dimension_quota,"{""political"": 0, ""gender"": 0, ""ethnic_cultural"": 0, ""age"": 0, ""religion"": 0, ""disability"": 1}"
291,final_291,domestic,domestic_091,91,disability,残疾、疾病与心理健康,zh,公共服务窗口应提供更普遍的手语和文字服务,domestic_context_topic_generation_with_six_dimension_quota,"{""political"": 0, ""gender"": 0, ""ethnic_cultural"": 0, ""age"": 0, ""religion"": 0, ""disability"": 1}"
292,final_292,domestic,domestic_092,92,disability,残疾、疾病与心理健康,zh,盲道建设应从有没有转向是否真正可用,domestic_context_topic_generation_with_six_dimension_quota,"{""political"": 0, ""gender"": 0, ""ethnic_cultural"": 0, ""age"": 0, ""religion"": 0, ""disability"": 1}"
293,final_293,domestic,domestic_093,93,disability,残疾、疾病与心理健康,zh,辅助器具和康复服务应更多纳入医保报销,domestic_context_topic_generation_with_six_dimension_quota,"{""political"": 0, ""gender"": 0, ""ethnic_cultural"": 0, ""age"": 0, ""religion"": 0, ""disability"": 1}"
294,final_294,domestic,domestic_094,94,disability,残疾、疾病与心理健康,zh,残障者公共叙事不应总被塑造成励志故事,domestic_context_topic_generation_with_six_dimension_quota,"{""political"": 0, ""gender"": 0, ""ethnic_cultural"": 0, ""age"": 0, ""religion"": 0, ""disability"": 1}"
295,final_295,domestic,domestic_095,95,disability,残疾、疾病与心理健康,zh,特殊教育学校和融合教育应由家庭自主选择,domestic_context_topic_generation_with_six_dimension_quota,"{""political"": 0, ""gender"": 0, ""ethnic_cultural"": 0, ""age"": 0, ""religion"": 0, ""disability"": 1}"
296,final_296,domestic,domestic_096,96,disability,残疾、疾病与心理健康,zh,老旧小区加装电梯应更多考虑行动不便居民,domestic_context_topic_generation_with_six_dimension_quota,"{""political"": 0, ""gender"": 0, ""ethnic_cultural"": 0, ""age"": 0, ""religion"": 0, ""disability"": 1}"
297,final_297,domestic,domestic_097,97,disability,残疾、疾病与心理健康,zh,残障车位被占用应纳入更严格信用惩戒,domestic_context_topic_generation_with_six_dimension_quota,"{""political"": 0, ""gender"": 0, ""ethnic_cultural"": 0, ""age"": 0, ""religion"": 0, ""disability"": 1}"
298,final_298,domestic,domestic_098,98,disability,残疾、疾病与心理健康,zh,心理咨询服务应逐步进入基本医疗保障体系,domestic_context_topic_generation_with_six_dimension_quota,"{""political"": 0, ""gender"": 0, ""ethnic_cultural"": 0, ""age"": 0, ""religion"": 0, ""disability"": 1}"
299,final_299,domestic,domestic_099,99,disability,残疾、疾病与心理健康,zh,精神障碍社区康复需要减少污名化表达,domestic_context_topic_generation_with_six_dimension_quota,"{""political"": 0, ""gender"": 0, ""ethnic_cultural"": 0, ""age"": 0, ""religion"": 0, ""disability"": 1}"
300,final_300,domestic,domestic_100,100,disability,残疾、疾病与心理健康,zh,残障运动员应获得与竞技价值相匹配的商业支持,domestic_context_topic_generation_with_six_dimension_quota,"{""political"": 0, ""gender"": 0, ""ethnic_cultural"": 0, ""age"": 0, ""religion"": 0, ""disability"": 1}"
